,,2019,,2018,,2017,,2016,,2015,,2014,,2013,,2012,,2011,,2010,,2009,,2008,,2007,,2006,
,,League,Cup,League,Cup,League,Cup,League,Cup,League,Cup,League,Cup,League,Cup,League,Cup,League,Cup,League,Cup,League,Cup,League,Cup,League,Cup,League,Cup
Kukesi,Albania,,,,,,,,,,,,,,,,,,,,,,,,,,,,
Kukesi,Albania,,,,,,,,,,,,,,,,,,,,,,,,,,,,
Laci,Albania,,,,,,,,,,,,,,,,,,,,,,,,,,,,
Luftetari,Albania,,,,,,,,,,,,,,,,,,,,,,,,,,,,
Partizani,Albania,,,,,,,,,,,,,,,,,,,,,,,,,,,,
Partizani,Albania,,,,,,,,,,,,,,,,,,,,,,,,,,,,
Skenderbeu,Albania,,,,,,,,,,,,,,,,,,,,,,,,,,,,
Skenderbeu,Albania,,,,,,,,,,,,,,,,,,,,,,,,,,,,
Engordany,Andorra,,,,,,,,,,,,,,,,,,,,,,,,,,,,
Lusitanos,Andorra,,,,,,,,,,,,,,,,,,,,,,,,,,,,
Sant Julia,Andorra,,,,,,,,,,,,,,,,,,,,,,,,,,,,
Santa Coloma,Andorra,,,,,,,,,,,,,,,,,,,,,,,,,,,,
Santa Coloma,Andorra,,,,,,,,,,,,,,,,,,,,,,,,,,,,
Alashkert,Armenia,,,,,,,,,,,,,,,,,,,,,,,,,,,,
Alashkert,Armenia,,,,,,,,,,,,,,,,,,,,,,,,,,,,
Banats,Armenia,,,,,,,,,,,,,,,,,,,,,,,,,,,,
Banats,Armenia,,,,,,,,,,,,,,,,,,,,,,,,,,,,
Gandzasar Kapan,Armenia,,,,,,,,,,,,,,,,,,,,,,,,,,,,
Pyunik,Armenia,,,,,,,,,,,,,,,,,,,,,,,,,,,,
Pyunik,Armenia,,,,,,,,,,,,,,,,,,,,,,,,,,,,
Shirak,Armenia,,,,,,,,,,,,,,,,,,,,,,,,,,,,
Ulisses,Armenia,,,,,,,,,,,,,,,,,,,,,,,,,,,,
Admira Wacker Modling,Austria,,,,,,,,,,,,,,,,,,,,,,,,,,,,
Austria Wien,Austria,,,,,,,,,,,,,,,,,,,,,,,,,,,,
Austria Wien,Austria,,,,,,,,,,,,,,,,,,,,,,,,,,,,
LASK Linz,Austria,,,,,,,,,,,,,,,,,,,,,,,,,,,,
Rapid Wien,Austria,,,,,,,,,,,,,,,,,,,,,,,,,,,,
Rapid Wien,Austria,,,,,,,,,,,,,,,,,,,,,,,,,,,,
Red Bull Salzburg,Austria,,,,,,,,,,,,,,,,,,,,,,,,,,,,
Red Bull Salzburg,Austria,,,,,,,,,,,,,,,,,,,,,,,,,,,,
Sturm Graz,Austria,,,,,,,,,,,,,,,,,,,,,,,,,,,,
Sturm Graz,Austria,,,,,,,,,,,,,,,,,,,,,,,,,,,,
Gabala,Azerbaijan,,,,,,,,,,,,,,,,,,,,,,,,,,,,
Kesla,Azerbaijan,,,,,,,,,,,,,,,,,,,,,,,,,,,,
Nefchi Baku,Azerbaijan,,,,,,,,,,,,,,,,,,,,,,,,,,,,
Neftchi Baku,Azerbaijan,,,,,,,,,,,,,,,,,,,,,,,,,,,,
Qarabag,Azerbaijan,,,,,,,,,,,,,,,,,,,,,,,,,,,,
Qarabag,Azerbaijan,,,,,,,,,,,,,,,,,,,,,,,,,,,,
BATE Borisov,Belarus,,,,,,,,,,,,,,,,,,,,,,,,,,,,
BATE Borisov,Belarus,,,,,,,,,,,,,,,,,,,,,,,,,,,,
Dinamo Minsk,Belarus,,,,,,,,,,,,,,,,,,,,,,,,,,,,
Dynamo Brest,Belarus,,,,,,,,,,,,,,,,,,,,,,,,,,,,
Shakhtyor Soligorsk,Belarus,,,,,,,,,,,,,,,,,,,,,,,,,,,,
Anderlecht,Belgium,,,,,,,,,,,,,,,,,,,,,,,,,,,,
Anderlecht,Belgium,,,,,,,,,,,,,,,,,,,,,,,,,,,,
Club Brugge,Belgium,,,,,,,,,,,,,,,,,,,,,,,,,,,,
Club Brugge,Belgium,,,,,,,,,,,,,,,,,,,,,,,,,,,,
Genk,Belgium,,,,,,,,,,,,,,,,,,,,,,,,,,,,
Genk,Belgium,,,,,,,,,,,,,,,,,,,,,,,,,,,,
Gent,Belgium,,,,,,,,,,,,,,,,,,,,,,,,,,,,
Gent,Belgium,,,,,,,,,,,,,,,,,,,,,,,,,,,,
Lokeren,Belgium,,,,,,,,,,,,,,,,,,,,,,,,,,,,
Standard Liege,Belgium,,,,,,,,,,,,,,,,,,,,,,,,,,,,
Standard Liege,Belgium,,,,,,,,,,,,,,,,,,,,,,,,,,,,
Zulte Waregam,Belgium,,,,,,,,,,,,,,,,,,,,,,,,,,,,
Zulte Waregem,Belgium,,,,,,,,,,,,,,,,,,,,,,,,,,,,
Sarajevo,Bosnia,,,,,,,,,,,,,,,,,,,,,,,,,,,,
Sarajevo,Bosnia,,,,,,,,,,,,,,,,,,,,,,,,,,,,
Siroki Brijeg,Bosnia,,,,,,,,,,,,,,,,,,,,,,,,,,,,
Zeljeznicar,Bosnia,,,,,,,,,,,,,,,,,,,,,,,,,,,,
Zeljeznicar,Bosnia,,,,,,,,,,,,,,,,,,,,,,,,,,,,
Zrinjski Mostar,Bosnia,,,,,,,,,,,,,,,,,,,,,,,,,,,,
Zrinjski Mostar,Bosnia,,,,,,,,,,,,,,,,,,,,,,,,,,,,
CSKA Sofia,Bulgaria,,,,,,,,,,,,,,,,,,,,,,,,,,,,
Levski Sofia,Bulgaria,,,,,,,,,,,,,,,,,,,,,,,,,,,,
Levski Sofia,Bulgaria,,,,,,,,,,,,,,,,,,,,,,,,,,,,
Litex Lovech,Bulgaria,,,,,,,,,,,,,,,,,,,,,,,,,,,,
Ludogorets Razgrad,Bulgaria,,,,,,,,,,,,,,,,,,,,,,,,,,,,
Ludogorets Razgrad,Bulgaria,,,,,,,,,,,,,,,,,,,,,,,,,,,,
Slavia Sofia,Bulgaria,,,,,,,,,,,,,,,,,,,,,,,,,,,,
Dinamo Zagreb,Croatia,,,,,,,,,,,,,,,,,,,,,,,,,,,,
Dinamo Zagreb,Croatia,,,,,,,,,,,,,,,,,,,,,,,,,,,,
Hajduk Split,Croatia,,,,,,,,,,,,,,,,,,,,,,,,,,,,
Osijek,Croatia,,,,,,,,,,,,,,,,,,,,,,,,,,,,
Rijeka,Croatia,,,,,,,,,,,,,,,,,,,,,,,,,,,,
Rijeka,Croatia,,,,,,,,,,,,,,,,,,,,,,,,,,,,
AEK Larnaca,Cyprus,,,,,,,,,,,,,,,,,,,,,,,,,,,,
AEL Limassol,Cyprus,,,,,,,,,,,,,,,,,,,,,,,,,,,,
AEL Limassol,Cyprus,,,,,,,,,,,,,,,,,,,,,,,,,,,,
Anorthosis,Cyprus,,,,,,,,,,,,,,,,,,,,,,,,,,,,
Anorthosis,Cyprus,,,,,,,,,,,,,,,,,,,,,,,,,,,,
Anorthosis Famagusta,Cyprus,,,,,,,,,,,,,,,,,,,,,,,,,,,,
APOEL,Cyprus,,,,,,,,,,,,,,,,,,,,,,,,,,,,
APOEL,Cyprus,,,,,,,,,,,,,,,,,,,,,,,,,,,,
Apollon Limassol,Cyprus,,,,,,,,,,,,,,,,,,,,,,,,,,,,
Fastav Zlin,Czech,,,,,,,,,,,,,,,,,,,,,,,,,,,,
Jablonec,Czech,,,,,,,,,,,,,,,,,,,,,,,,,,,,
Mlada Boleslav,Czech,,,,,,,,,,,,,,,,,,,,,,,,,,,,
Sigma Olomouc,Czech,,,,,,,,,,,,,,,,,,,,,,,,,,,,
Slavia Prague,Czech,,,,,,,,,,,,,,,,,,,,,,,,,,,,
Slavia Prague,Czech,,,,,,,,,,,,,,,,,,,,,,,,,,,,
Slovan Liberec,Czech,,,,,,,,,,,,,,,,,,,,,,,,,,,,
Slovan Liberec,Czech,,,,,,,,,,,,,,,,,,,,,,,,,,,,
Sparta Prague,Czech,,,,,,,,,,,,,,,,,,,,,,,,,,,,
Sparta Prague,Czech,,,,,,,,,,,,,,,,,,,,,,,,,,,,
Viktoria Plzen,Czech,,,,,,,,,,,,,,,,,,,,,,,,,,,,
Viktoria Plzen,Czech,,,,,,,,,,,,,,,,,,,,,,,,,,,,
Aalborg BK,Denmark,,,,,,,,,,,,,,,,,,,,,,,,,,,,
Aalborg BK,Denmark,,,,,,,,,,,,,,,,,,,,,,,,,,,,
Brondby,Denmark,,,,,,,,,,,,,,,,,,,,,,,,,,,,
Copenhagen,Denmark,,,,,,,,,,,,,,,,,,,,,,,,,,,,
Copenhagen,Denmark,,,,,,,,,,,,,,,,,,,,,,,,,,,,
Esbjerg,Denmark,,,,,,,,,,,,,,,,,,,,,,,,,,,,
Midtjylland,Denmark,,,,,,,,,,,,,,,,,,,,,,,,,,,,
Midtjylland,Denmark,,,,,,,,,,,,,,,,,,,,,,,,,,,,
Nordsjaelland,Denmark,,,,,,,,,,,,,,,,,,,,,,,,,,,,
Nordsjaelland,Denmark,,,,,,,,,,,,,,,,,,,,,,,,,,,,
Odense,Denmark,,,,,,,,,,,,,,,,,,,,,,,,,,,,
,,,,,,,,,,,,,,,,,,,,,,,,,,,,,
Manchester City,England,1,3,1,1,3,,4,1,2,,1,1,2,,1,,3,2,5,,10,,9,,14,,15,
Manchester United,England,6,,2,,6,1,5,2,4,,7,,1,,2,,1,,2,1,1,1,1,,1,,2,1
Arsenal,England,5,,6,,5,2,2,,3,2,4,2,4,,3,,4,,3,,4,,3,,4,,4,
Tottenham Hotspur,England,4,,3,,2,,3,,5,,6,,5,,4,,5,,4,,8,,11,1,5,,5,
Newcastle United,England,13,,10,,,,18,,15,,10,,16,,5,,12,,,,18,,12,,13,,7,
Chelsea,England,3,,5,2,1,,10,,1,1,3,,3,,6,2,2,,1,2,3,2,2,,2,3,1,
Everton,England,8,,8,,7,,11,,11,,5,,6,,7,,7,,8,,5,,5,,6,,11,
Liverpool,England,2,,4,,4,,8,,6,,2,,7,,8,1,6,,7,,2,,4,,3,,3,2
Fulham,England,19,,,,,,,,,,19,,12,,9,,8,,12,,7,,17,,16,,12,
West Bromwich,England,,,20,,10,,14,,13,,17,,8,,10,,11,,,,20,,,,,,19,
Swansea City,England,,,18,,15,,12,,8,,12,,9,1,11,,,,,,,,,,,,,
Norwich City,England,,,,,,,19,,,,18,,11,,12,,,,,,,,,,,,,
Sunderland,England,,,,,20,,17,,16,,14,,17,,13,,10,,13,,16,,15,,,,20,
Stoke City,England,,,19,,13,,9,,9,,9,,13,,14,,13,,11,,12,,,,,,,
Wigan Athletic,England,,,,,,,,,,,,,18,2,15,,16,,16,,11,,14,,17,,10,
Aston Villa,England,,,,,,,20,,17,,15,,15,,16,,9,,6,,6,,6,,11,,16,
Bolton Wanderers,England,,,,,,,,,,,,,,,18,,14,,14,,13,,16,,7,,8,
Blackburn Rovers,England,,,,,,,,,,,,,,,19,,15,,10,,15,,7,,10,,6,
Woverhampton Wanderers,England,7,,,,,,,,,,,,,,20,,17,,15,,,,,,,,,
Birmingham City,England,,,,,,,,,,,,,,,,,18,1,9,,,,19,,,,18,
Blackpool,England,,,,,,,,,,,,,,,,,19,,,,,,,,,,,
Bournemouth,England,14,,12,,9,,16,,,,,,,,,,,,,,,,,,,,,
Brighton and Hove Albion,England,17,,15,,,,,,,,,,,,,,,,,,,,,,,,,
Burnley,England,15,,7,,16,,,,19,,,,,,,,,,18,,,,,,,,,
Cardiff City,England,18,,,,,,,,,,20,,,,,,,,,,,,,,,,,
Charlton Athletic,England,,,,,,,,,,,,,,,,,,,,,,,,,19,,13,
Crystal Palace,England,12,,11,,14,,15,,10,,11,,,,,,,,,,,,,,,,,
Derby County,England,,,,,,,,,,,,,,,,,,,,,,,20,,,,,
Huddersfield Town,England,20,,16,,,,,,,,,,,,,,,,,,,,,,,,,
Hull City,England,,,,,18,,,,18,,16,,,,,,,,19,,17,,,,,,,
Leicester City,England,9,,9,,12,,1,,14,,,,,,,,,,,,,,,,,,,
Middlesbrough,England,,,,,19,,,,,,,,,,,,,,,,19,,13,,12,,14,
Portsmouth,England,,,,,,,,,,,,,,,,,,,20,,14,,8,2,9,,17,
Queens Park Rangers,England,,,,,,,,,20,,,,20,,17,,,,,,,,,,,,,
Reading,England,,,,,,,,,,,,,19,,,,,,,,,,18,,8,,,
Sheffield United,England,,,,,,,,,,,,,,,,,,,,,,,,,18,,,
Southampton,England,16,,17,,8,,6,,7,,8,,14,,,,,,,,,,,,,,,
Watford,England,11,,14,,17,,13,,,,,,,,,,,,,,,,,,20,,,
West Ham,England,10,,13,,11,,7,,12,,13,,10,,,,20,,17,,9,,10,,15,,9,
,,,,,,,,,,,,,,,,,,,,,,,,,,,,,
FCI Levaida,Estonia,,,,,,,,,,,,,,,,,,,,,,,,,,,,
FCI Tallinn,Estonia,,,,,,,,,,,,,,,,,,,,,,,,,,,,
FCI Tallinn,Estonia,,,,,,,,,,,,,,,,,,,,,,,,,,,,
Flora Tallinn,Estonia,,,,,,,,,,,,,,,,,,,,,,,,,,,,
Flora Tallinn,Estonia,,,,,,,,,,,,,,,,,,,,,,,,,,,,
Levadia Tallinn,Estonia,,,,,,,,,,,,,,,,,,,,,,,,,,,,
Levadia Tallinn,Estonia,,,,,,,,,,,,,,,,,,,,,,,,,,,,
Narva Trans,Estonia,,,,,,,,,,,,,,,,,,,,,,,,,,,,
Nomme Kalju,Estonia,,,,,,,,,,,,,,,,,,,,,,,,,,,,
Nomme Kalju,Estonia,,,,,,,,,,,,,,,,,,,,,,,,,,,,
B36 Torshavn,Faeroes,,,,,,,,,,,,,,,,,,,,,,,,,,,,
B36 Torshavn,Faeroes,,,,,,,,,,,,,,,,,,,,,,,,,,,,
EB/Streymur,Faeroes,,,,,,,,,,,,,,,,,,,,,,,,,,,,
HB,Faeroes,,,,,,,,,,,,,,,,,,,,,,,,,,,,
HB,Faeroes,,,,,,,,,,,,,,,,,,,,,,,,,,,,
Kl Klaksvik,Faeroes,,,,,,,,,,,,,,,,,,,,,,,,,,,,
NSI Runavik,Faeroes,,,,,,,,,,,,,,,,,,,,,,,,,,,,
Vikingur Gota,Faeroes,,,,,,,,,,,,,,,,,,,,,,,,,,,,
Vikingur Gota,Faeroes,,,,,,,,,,,,,,,,,,,,,,,,,,,,
HJK,Finland,,,,,,,,,,,,,,,,,,,,,,,,,,,,
HJK,Finland,,,,,,,,,,,,,,,,,,,,,,,,,,,,
IFK Mariehamn,Finland,,,,,,,,,,,,,,,,,,,,,,,,,,,,
IFK Mariehamn,Finland,,,,,,,,,,,,,,,,,,,,,,,,,,,,
Ilves,Finland,,,,,,,,,,,,,,,,,,,,,,,,,,,,
KuPS,Finland,,,,,,,,,,,,,,,,,,,,,,,,,,,,
Lahti,Finland,,,,,,,,,,,,,,,,,,,,,,,,,,,,
SJK,Finland,,,,,,,,,,,,,,,,,,,,,,,,,,,,
SJK,Finland,,,,,,,,,,,,,,,,,,,,,,,,,,,,
,,,,,,,,,,,,,,,,,,,,,,,,,,,,,
AC Ajaccio,France,,,,,,,,,,,20,,17,,16,,,,,,,,,,,,18,
Amiens,France,15,,13,,,,,,,,,,,,,,,,,,,,,,,,,
Angers,France,13,,14,,12,,9,,,,,,,,,,,,,,,,,,,,,
Auxerre,France,,,,,,,,,,,,,,,20,,9,,3,,8,,15,,8,,6,2
Bastia,France,,,,,20,,10,,12,,10,,12,,,,,,,,,,,,,,,
Bordeaux,France,14,,6,,6,,11,,6,,7,,7,2,5,,7,,6,,1,1,2,,6,1,2,
Caen,France,19,,16,,17,,7,,13,,,,,,18,,15,,,,18,,11,,,,,
Dijon,France,18,,11,,16,,,,,,,,,,19,,,,,,,,,,,,,
Evian,France,,,,,,,,,18,,14,,16,,9,,,,,,,,,,,,,
Gazalec Ajaccio,France,,,,,,,19,,,,,,,,,,,,,,,,,,,,,
Guingamp,France,20,,12,,10,,16,,10,,16,2,,,,,,,,2,,,,,,,,
Lens,France,,,,,,,,,20,,,,,,,,19,,11,,,,18,,5,,4,
Lille,France,2,,17,,11,,5,,8,,3,,6,,3,,1,2,4,,5,,7,,10,,3,
Lorient,France,,,,,18,,15,,16,,8,,8,,17,,11,,7,,10,,10,,14,,,
Lyon,France,3,,3,,4,,2,,2,,5,,3,,4,2,3,,2,,3,2,1,,1,,1,
Marseille,France,5,,4,,5,,13,,4,,6,,2,,10,1,2,1,1,1,2,,3,,2,,5,
Metz,France,,,20,,14,,,,19,,,,,,,,,,,,,,20,,,,20,
Monaco,France,17,,2,,1,,3,,3,,2,,,,,,18,,8,,11,,12,,9,,10,
Montpelier,France,6,,10,,15,,12,,7,,15,,9,,1,,14,,5,,,,,,,,,
Nancy,France,,,,,19,,,,,,,,18,,11,,13,,12,,15,,4,,13,,12,1
Nantes,France,12,,9,,7,,14,,14,,13,,,,,,,,,,19,,,,20,,14,
Nice,France,7,,8,,3,,4,,11,,17,,4,,13,,17,,15,,9,,8,,16,,8,
Nimes,France,9,,,,,,,,,,,,,,,,,,,,,,,,,,,
Paris Saint-Germain,France,1,,1,3,2,3,1,3,1,3,1,1,1,,2,,4,,13,2,6,,16,1,15,2,9,
Reims,France,8,,,,,,18,,15,,11,,14,,,,,,,,,,,,,,,
Rennes,France,10,2,5,,9,,8,,9,,12,,13,,6,,6,,9,,7,,6,,4,,7,
Saint-Etienne,France,4,,7,,8,,6,,5,,4,,5,1,7,,10,,17,,17,,5,,11,,13,
Sochaux,France,,,,,,,,,,,18,,15,,14,,5,,16,,14,,14,2,7,,15,
Strasbourg,France,11,2,15,,,,,,,,,,,,,,,,,,,,19,,,,19,
Toulouse,France,16,,18,,13,,17,,17,,9,,10,,8,,8,,14,,4,,17,,3,,16,
Troyes,France,,,19,,,,20,,,,,,19,,,,,,,,,,,,18,,17,
Valencinnes,France,,,,,,,,,,,19,,11,,12,,12,,10,,12,,13,,17,,,
Brest,France,,,,,,,,,,,,,20,,15,,16,,,,,,,,,,,
Arles-Avignon,France,,,,,,,,,,,,,,,,,20,,,,,,,,,,,
Le Mans,France,,,,,,,,,,,,,,,,,,,18,,16,,9,,12,,11,
Boulogne,France,,,,,,,,,,,,,,,,,,,19,,,,,,,,,
Grenoble,France,,,,,,,,,,,,,,,,,,,20,,13,,,,,,,
Le Havre,France,,,,,,,,,,,,,,,,,,,,,20,,,,,,,
Sedan,France,,,,,,,,,,,,,,,,,,,,,,,,,19,,,
,,,,,,,,,,,,,,,,,,,,,,,,,,,,,
Cjikhura Sachkhere,Georgia,,,,,,,,,,,,,,,,,,,,,,,,,,,,
Dila Gori,Georgia,,,,,,,,,,,,,,,,,,,,,,,,,,,,
Dila Gori,Georgia,,,,,,,,,,,,,,,,,,,,,,,,,,,,
Dinamo Tbilisi,Georgia,,,,,,,,,,,,,,,,,,,,,,,,,,,,
Dinamo Tbilisi,Georgia,,,,,,,,,,,,,,,,,,,,,,,,,,,,
Samtredia,Georgia,,,,,,,,,,,,,,,,,,,,,,,,,,,,
Samtredia,Georgia,,,,,,,,,,,,,,,,,,,,,,,,,,,,
Torpedo Kutaisi,Georgia,,,,,,,,,,,,,,,,,,,,,,,,,,,,
Torpedo Kutaisi,Georgia,,,,,,,,,,,,,,,,,,,,,,,,,,,,
Zestafoni,Georgia,,,,,,,,,,,,,,,,,,,,,,,,,,,,
,,,,,,,,,,,,,,,,,,,,,,,,,,,,,
1 FC Koln,Germany,,,18,,5,,9,,12,,,,,,17,,10,,13,,12,,,,,,17,
1899 Hoffenheim,Germany,9,,3,,4,,15,,8,,9,,16,,11,,11,,11,,7,,,,,,,
Augsburg,Germany,15,,12,,13,,12,,5,,8,,15,,14,,,,,,,,,,,,,
Bayer Leverkusen,Germany,4,,5,,12,,3,,4,,4,,3,,5,,2,,4,,9,,7,,5,,5,
Bayern Munich,Germany,1,3,1,,1,,1,3,1,,1,3,1,3,2,,3,,1,3,2,,1,3,4,,1,3
Borussia Dortmund,Germany,2,,4,,3,3,2,,7,,2,,2,,1,3,1,,5,,6,,13,,9,,7,
Borussia Monchengladbach,Germany,5,,9,,9,,4,,3,,6,,8,,4,,16,,12,,15,,,,18,,10,
Darmstadt,Germany,,,,,18,,14,,,,,,,,,,,,,,,,,,,,,
Eintracht Braunschweig,Germany,,,,,,,,,,,18,,,,,,,,,,,,,,,,,
Eintract Frankfurt,Germany,7,,8,3,11,,16,,9,,13,,6,,,,17,,10,,13,,9,,14,,14,
Fortuna Dusseldorf,Germany,10,,,,,,,,,,,,17,,,,,,,,,,,,,,,
Freiburg,Germany,13,,15,,7,,,,17,,14,,5,,12,,9,,14,,,,,,,,,
Greuther Furth,Germany,,,,,,,,,,,,,18,,,,,,,,,,,,,,,
Hamburger SV,Germany,,,17,,14,,10,,16,,16,,7,,15,,8,,7,,5,,4,,7,,3,
Hannover 96,Germany,17,,13,,,,18,,13,,10,,9,,7,,4,,15,,11,,8,,11,,12,
Hertha BSC,Germany,11,,10,,6,,7,,15,,11,,,,16,,,,18,,4,,10,,10,,6,
Ingolstadt,Germany,,,,,17,,11,,,,,,,,,,,,,,,,,,,,,
Kaiserslautern,Germany,,,,,,,,,,,,,,,18,,7,,,,,,,,,,16,
Mainz 05,Germany,12,,14,,15,,6,,11,,7,,13,,13,,5,,9,,,,,,16,,11,
Nurnberg,Germany,18,,,,,,,,,,17,,10,,10,,6,,16,,,,16,,6,3,8,
Paderborn,Germany,,,,,,,,,18,,,,,,,,,,,,,,,,,,,
RB Leipzig,Germany,3,,6,,2,,,,,,,,,,,,,,,,,,,,,,,
Schalke 04,Germany,14,,2,,10,,5,,6,,3,,4,,3,,14,3,2,,8,,3,,2,,4,
Stuttgart,Germany,16,,7,,,,17,,14,,15,,12,,6,,12,,6,,3,,6,,1,,9,
Werder Bremen,Germany,8,,11,,8,,13,,10,,12,,14,,9,,13,,3,,10,3,2,,3,,2,
Wolfsburg,Germany,6,,16,,16,,8,,2,3,5,,11,,8,,15,,8,,1,,5,,15,,15,
St. Pauli,Germany,,,,,,,,,,,,,,,,,18,,,,,,,,,,,
Bochum,Germany,,,,,,,,,,,,,,,,,,,17,,14,,12,,8,,,
Energie Cottbus,Germany,,,,,,,,,,,,,,,,,,,,,16,,14,,13,,,
Karlsruher,Germany,,,,,,,,,,,,,,,,,,,,,17,,11,,,,,
Arminia Bielefeld,Germany,,,,,,,,,,,,,,,,,,,,,18,,15,,12,,13,
Hansa Rostock,Germany,,,,,,,,,,,,,,,,,,,,,,,17,,,,,
MSV Duisburg,Germany,,,,,,,,,,,,,,,,,,,,,,,18,,,,18,
Alemania Aachen,Germany,,,,,,,,,,,,,,,,,,,,,,,,,17,,,
,,,,,,,,,,,,,,,,,,,,,,,,,,,,,
Europa,Gibraltar,,,,,,,,,,,,,,,,,,,,,,,,,,,,
Europa,Gibraltar,,,,,,,,,,,,,,,,,,,,,,,,,,,,
Lincoln Red Imps,Gibraltar,,,,,,,,,,,,,,,,,,,,,,,,,,,,
Lincoln Red Imps,Gibraltar,,,,,,,,,,,,,,,,,,,,,,,,,,,,
St. Joseph's,Gibraltar,,,,,,,,,,,,,,,,,,,,,,,,,,,,
AEK Athens,Greece,,,,,,,,,,,,,,,,,,,,,,,,,,,,
AEK Athens,Greece,,,,,,,,,,,,,,,,,,,,,,,,,,,,
Aris,Greece,,,,,,,,,,,,,,,,,,,,,,,,,,,,
Asteras Tripoli,Greece,,,,,,,,,,,,,,,,,,,,,,,,,,,,
Atromitos,Greece,,,,,,,,,,,,,,,,,,,,,,,,,,,,
Larissa,Greece,,,,,,,,,,,,,,,,,,,,,,,,,,,,
Olympiacos,Greece,,,,,,,,,,,,,,,,,,,,,,,,,,,,
Olympiacos,Greece,,,,,,,,,,,,,,,,,,,,,,,,,,,,
Panathinaikos,Greece,,,,,,,,,,,,,,,,,,,,,,,,,,,,
Panathinaikos,Greece,,,,,,,,,,,,,,,,,,,,,,,,,,,,
Panionios,Greece,,,,,,,,,,,,,,,,,,,,,,,,,,,,
PAOK,Greece,,,,,,,,,,,,,,,,,,,,,,,,,,,,
PAOK,Greece,,,,,,,,,,,,,,,,,,,,,,,,,,,,
Debrecen,Hungary,,,,,,,,,,,,,,,,,,,,,,,,,,,,
Debrecen,Hungary,,,,,,,,,,,,,,,,,,,,,,,,,,,,
Ferencvaros,Hungary,,,,,,,,,,,,,,,,,,,,,,,,,,,,
Ferencvaros,Hungary,,,,,,,,,,,,,,,,,,,,,,,,,,,,
Gyor,Hungary,,,,,,,,,,,,,,,,,,,,,,,,,,,,
Honved,Hungary,,,,,,,,,,,,,,,,,,,,,,,,,,,,
Honved,Hungary,,,,,,,,,,,,,,,,,,,,,,,,,,,,
MOL Vidi,Hungary,,,,,,,,,,,,,,,,,,,,,,,,,,,,
MOL Vidi,Hungary,,,,,,,,,,,,,,,,,,,,,,,,,,,,
Ujpest,Hungary,,,,,,,,,,,,,,,,,,,,,,,,,,,,
FH,Iceland,,,,,,,,,,,,,,,,,,,,,,,,,,,,
FH,Iceland,,,,,,,,,,,,,,,,,,,,,,,,,,,,
IBV,Iceland,,,,,,,,,,,,,,,,,,,,,,,,,,,,
KR,Iceland,,,,,,,,,,,,,,,,,,,,,,,,,,,,
KR,Iceland,,,,,,,,,,,,,,,,,,,,,,,,,,,,
Stjarnan,Iceland,,,,,,,,,,,,,,,,,,,,,,,,,,,,
Stjarnan,Iceland,,,,,,,,,,,,,,,,,,,,,,,,,,,,
Valur,Iceland,,,,,,,,,,,,,,,,,,,,,,,,,,,,
Valur,Iceland,,,,,,,,,,,,,,,,,,,,,,,,,,,,
Cork City,Ireland,,,,,,,,,,,,,,,,,,,,,,,,,,,,
Cork City,Ireland,,,,,,,,,,,,,,,,,,,,,,,,,,,,
Derry City,Ireland,,,,,,,,,,,,,,,,,,,,,,,,,,,,
Dundalk,Ireland,,,,,,,,,,,,,,,,,,,,,,,,,,,,
Dundalk,Ireland,,,,,,,,,,,,,,,,,,,,,,,,,,,,
Shamrock Rovers,Ireland,,,,,,,,,,,,,,,,,,,,,,,,,,,,
Shamrock Rovers,Ireland,,,,,,,,,,,,,,,,,,,,,,,,,,,,
Sligo Rovers,Ireland,,,,,,,,,,,,,,,,,,,,,,,,,,,,
St. Patrick's Athletic,Ireland,,,,,,,,,,,,,,,,,,,,,,,,,,,,
St. Patrick's Athletic,Ireland,,,,,,,,,,,,,,,,,,,,,,,,,,,,
Beitar Jerusalem,Israel,,,,,,,,,,,,,,,,,,,,,,,,,,,,
Hapoel Be'er Sheva,Israel,,,,,,,,,,,,,,,,,,,,,,,,,,,,
Hapoel Be'er Sheva,Israel,,,,,,,,,,,,,,,,,,,,,,,,,,,,
Hapoel Haifa,Israel,,,,,,,,,,,,,,,,,,,,,,,,,,,,
Hapoel Tel Aviv,Israel,,,,,,,,,,,,,,,,,,,,,,,,,,,,
Hapoel Tel Aviv,Israel,,,,,,,,,,,,,,,,,,,,,,,,,,,,
Ironi Kiryat Shmona,Israel,,,,,,,,,,,,,,,,,,,,,,,,,,,,
Ironi Kiryat Shmona,Israel,,,,,,,,,,,,,,,,,,,,,,,,,,,,
Maccabi Haifa,Israel,,,,,,,,,,,,,,,,,,,,,,,,,,,,
Maccabi Haifa,Israel,,,,,,,,,,,,,,,,,,,,,,,,,,,,
Maccabi Petah Tikva,Israel,,,,,,,,,,,,,,,,,,,,,,,,,,,,
Maccabi Tel Aviv,Israel,,,,,,,,,,,,,,,,,,,,,,,,,,,,
Maccabi Tel Aviv,Israel,,,,,,,,,,,,,,,,,,,,,,,,,,,,
,,,,,,,,,,,,,,,,,,,,,,,,,,,,,
Ascoli,Italy,,,,,,,,,,,,,,,,,,,,,,,,,19,,10,
Atalanta,Italy,3,,7,,4,,13,,17,,11,,15,,12,,,,18,,11,,9,,8,,,
Bari,Italy,,,,,,,,,,,,,,,,,20,,10,,,,,,,,,
Benevento,Italy,,,20,,,,,,,,,,,,,,,,,,,,,,,,,
Bologna,Italy,10,,15,,15,,14,,,,19,,13,,9,,16,,17,,17,,,,,,,
Brescia,Italy,,,,,,,,,,,,,,,,,19,,,,,,,,,,,
Cagliari,Italy,15,,16,,11,,,,18,,15,,11,,15,,14,,16,,9,,14,,17,,14,
Carpi,Italy,,,,,,,18,,,,,,,,,,,,,,,,,,,,,
Catania,Italy,,,,,,,,,,,18,,8,,11,,13,,13,,15,,,,13,,,
Cesena,Italy,,,,,,,,,19,,,,,,20,,15,,,,,,,,,,,
Chievo,Italy,20,,13,,14,,9,,14,,16,,12,,10,,11,,14,,16,,,,18,,4,
Crotone,Italy,,,18,,17,,,,,,,,,,,,,,,,,,,,,,,
Empoli,Italy,18,,,,18,,10,,15,,,,,,,,,,,,,,17,,7,,8,
Fiorentina,Italy,16,,8,,8,,5,,4,,4,,4,,13,,9,,11,,4,,4,,6,,9,
Frosinone,Italy,19,,,,,,19,,,,,,,,,,,,,,,,,,,,,
Genoa,Italy,17,,12,,16,,11,,6,,14,,17,,17,,10,,9,,5,,10,,,,,
Hellas Verona,Italy,,,19,,,,20,,13,,10,,,,,,,,,,,,,,,,,
Internazionale,Italy,4,,4,,7,,4,,8,,5,,9,,6,,2,3,1,3,1,,1,,1,,1,3
Juventus,Italy,1,,1,3,1,3,1,3,1,3,1,,1,,1,,7,,7,,2,,3,,,,20,
Lazio,Italy,8,3,5,,5,,8,,3,,9,,7,3,4,,5,,12,,10,3,12,,3,,16,
Lecce,Italy,,,,,,,,,,,,,,,18,,17,,,,20,,,,,,18,
Livorno,Italy,,,,,,,,,,,20,,,,,,,,20,,,,19,,11,,6,
Messina,Italy,,,,,,,,,,,,,,,,,,,,,,,,,20,,17,
Milan,Italy,5,,6,,6,,7,,10,,8,,3,,2,,1,,3,,3,,5,,4,,3,
Napoli,Italy,2,,2,,3,,2,,5,,3,3,2,,5,3,3,,6,,12,,8,,,,,
Novara,Italy,,,,,,,,,,,,,,,19,,,,,,,,,,,,,
Palermo,Italy,,,,,19,,16,,11,,,,18,,16,,8,,5,,8,,11,,5,,5,
Parma,Italy,14,,,,,,,,20,,6,,10,,8,,12,,8,,,,18,,12,,7,
Pescara,Italy,,,,,20,,,,,,,,20,,,,,,,,,,,,,,,
Reggina,Italy,,,,,,,,,,,,,,,,,,,,,19,,16,,14,,13,
Roma,Italy,6,,3,,2,,3,,2,,2,,6,,7,,6,,2,,6,,2,3,2,3,2,
Sampdoria,Italy,9,,10,,10,,15,,7,,12,,14,,,,18,,4,,13,,6,,9,,12,
Sassuolo,Italy,11,,11,,12,,6,,12,,17,,,,,,,,,,,,,,,,,
Siena,Italy,,,,,,,,,,,,,19,,14,,,,19,,14,,13,,15,,15,
SPAL,Italy,13,,17,,,,,,,,,,,,,,,,,,,,,,,,,
Torino,Italy,7,,9,,9,,12,,9,,7,,16,,,,,,,,18,,15,,16,,,
Treviso,Italy,,,,,,,,,,,,,,,,,,,,,,,,,,,19,
Udinese,Italy,12,,14,,13,,17,,16,,13,,5,,3,,4,,15,,7,,7,,10,,11,
,,,,,,,,,,,,,,,,,,,,,,,,,,,,,
Aktobe,Kazakhstan,,,,,,,,,,,,,,,,,,,,,,,,,,,,
Aktobe,Kazakhstan,,,,,,,,,,,,,,,,,,,,,,,,,,,,
Astana,Kazakhstan,,,,,,,,,,,,,,,,,,,,,,,,,,,,
Astana,Kazakhstan,,,,,,,,,,,,,,,,,,,,,,,,,,,,
Irtysh Pavlodar,Kazakhstan,,,,,,,,,,,,,,,,,,,,,,,,,,,,
Kairat,Kazakhstan,,,,,,,,,,,,,,,,,,,,,,,,,,,,
Shakter Karagandy,Kazakhstan,,,,,,,,,,,,,,,,,,,,,,,,,,,,
Shakter Karagandy,Kazakhstan,,,,,,,,,,,,,,,,,,,,,,,,,,,,
Tobol,Kazakhstan,,,,,,,,,,,,,,,,,,,,,,,,,,,,
Drita,Kosovo,,,,,,,,,,,,,,,,,,,,,,,,,,,,
Drita,Kosovo,,,,,,,,,,,,,,,,,,,,,,,,,,,,
Prishtina,Kosovo,,,,,,,,,,,,,,,,,,,,,,,,,,,,
Trepca '89,Kosovo,,,,,,,,,,,,,,,,,,,,,,,,,,,,
Trepca '89,Kosovo,,,,,,,,,,,,,,,,,,,,,,,,,,,,
Daigava Daigavapils,Latvia,,,,,,,,,,,,,,,,,,,,,,,,,,,,
Liepaja,Latvia,,,,,,,,,,,,,,,,,,,,,,,,,,,,
Liepaja,Latvia,,,,,,,,,,,,,,,,,,,,,,,,,,,,
Liepaja,Latvia,,,,,,,,,,,,,,,,,,,,,,,,,,,,
Riga,Latvia,,,,,,,,,,,,,,,,,,,,,,,,,,,,
Spartaks Jurmala,Latvia,,,,,,,,,,,,,,,,,,,,,,,,,,,,
Spartaks Jurmala,Latvia,,,,,,,,,,,,,,,,,,,,,,,,,,,,
Ventspils,Latvia,,,,,,,,,,,,,,,,,,,,,,,,,,,,
Ventspils,Latvia,,,,,,,,,,,,,,,,,,,,,,,,,,,,
Vaduz,Liechtenstein,,,,,,,,,,,,,,,,,,,,,,,,,,,,
Ekranas,Lithuania,,,,,,,,,,,,,,,,,,,,,,,,,,,,
Stumbras,Lithuania,,,,,,,,,,,,,,,,,,,,,,,,,,,,
Suduva Marijampole,Lithuania,,,,,,,,,,,,,,,,,,,,,,,,,,,,
Suduva Marijampole,Lithuania,,,,,,,,,,,,,,,,,,,,,,,,,,,,
Trakai,Lithuania,,,,,,,,,,,,,,,,,,,,,,,,,,,,
Zalgiris Vilnius,Lithuania,,,,,,,,,,,,,,,,,,,,,,,,,,,,
Zalgiris Vilnius,Lithuania,,,,,,,,,,,,,,,,,,,,,,,,,,,,
F91 Dudelange,Luxembourg,,,,,,,,,,,,,,,,,,,,,,,,,,,,
F91 Dudelange,Luxembourg,,,,,,,,,,,,,,,,,,,,,,,,,,,,
Fola Esch,Luxembourg,,,,,,,,,,,,,,,,,,,,,,,,,,,,
Fola Esch,Luxembourg,,,,,,,,,,,,,,,,,,,,,,,,,,,,
Progres Niederkorn,Luxembourg,,,,,,,,,,,,,,,,,,,,,,,,,,,,
Racing,Luxembourg,,,,,,,,,,,,,,,,,,,,,,,,,,,,
Rabotnicki,Macedonia,,,,,,,,,,,,,,,,,,,,,,,,,,,,
Rabotnicki,Macedonia,,,,,,,,,,,,,,,,,,,,,,,,,,,,
Rabotnicki,Macedonia,,,,,,,,,,,,,,,,,,,,,,,,,,,,
Shkendija,Macedonia,,,,,,,,,,,,,,,,,,,,,,,,,,,,
Shkendija,Macedonia,,,,,,,,,,,,,,,,,,,,,,,,,,,,
Shkupi,Macedonia,,,,,,,,,,,,,,,,,,,,,,,,,,,,
Vardar,Macedonia,,,,,,,,,,,,,,,,,,,,,,,,,,,,
Vardar,Macedonia,,,,,,,,,,,,,,,,,,,,,,,,,,,,
Balzan,Malta,,,,,,,,,,,,,,,,,,,,,,,,,,,,
Birkirkara,Malta,,,,,,,,,,,,,,,,,,,,,,,,,,,,
Birkirkara,Malta,,,,,,,,,,,,,,,,,,,,,,,,,,,,
Gzira United,Malta,,,,,,,,,,,,,,,,,,,,,,,,,,,,
Hibernians,Malta,,,,,,,,,,,,,,,,,,,,,,,,,,,,
Hibernians,Malta,,,,,,,,,,,,,,,,,,,,,,,,,,,,
Valetta,Malta,,,,,,,,,,,,,,,,,,,,,,,,,,,,
Valetta,Malta,,,,,,,,,,,,,,,,,,,,,,,,,,,,
Milsami Orhei,Moldova,,,,,,,,,,,,,,,,,,,,,,,,,,,,
Milsami Orhei,Moldova,,,,,,,,,,,,,,,,,,,,,,,,,,,,
Petrocub Hincesti,Moldova,,,,,,,,,,,,,,,,,,,,,,,,,,,,
Sherrif Tiraspol,Moldova,,,,,,,,,,,,,,,,,,,,,,,,,,,,
Sherrif Tiraspol,Moldova,,,,,,,,,,,,,,,,,,,,,,,,,,,,
Zaria Balti,Moldova,,,,,,,,,,,,,,,,,,,,,,,,,,,,
Buducnost Podgorica,Montenegro,,,,,,,,,,,,,,,,,,,,,,,,,,,,
Buducnost Podgorica,Montenegro,,,,,,,,,,,,,,,,,,,,,,,,,,,,
Mladost Podgorica,Montenegro,,,,,,,,,,,,,,,,,,,,,,,,,,,,
Mladost Podgorica,Montenegro,,,,,,,,,,,,,,,,,,,,,,,,,,,,
Rudar Pljevlja,Montenegro,,,,,,,,,,,,,,,,,,,,,,,,,,,,
Rudar Pljevlja,Montenegro,,,,,,,,,,,,,,,,,,,,,,,,,,,,
Sutjeska Niksic,Montenegro,,,,,,,,,,,,,,,,,,,,,,,,,,,,
Sutjeska Niksic,Montenegro,,,,,,,,,,,,,,,,,,,,,,,,,,,,
Titograd Podgorica,Montenegro,,,,,,,,,,,,,,,,,,,,,,,,,,,,
Ajax,Netherlands,,,,,,,,,,,,,,,,,,,,,,,,,,,,
Ajax,Netherlands,,,,,,,,,,,,,,,,,,,,,,,,,,,,
AZ,Netherlands,,,,,,,,,,,,,,,,,,,,,,,,,,,,
AZ,Netherlands,,,,,,,,,,,,,,,,,,,,,,,,,,,,
Feyenoord,Netherlands,,,,,,,,,,,,,,,,,,,,,,,,,,,,
Feyenoord,Netherlands,,,,,,,,,,,,,,,,,,,,,,,,,,,,
Groningen,Netherlands,,,,,,,,,,,,,,,,,,,,,,,,,,,,
Heerenveen,Netherlands,,,,,,,,,,,,,,,,,,,,,,,,,,,,
NEC,Netherlands,,,,,,,,,,,,,,,,,,,,,,,,,,,,
PSV Eindhoven,Netherlands,,,,,,,,,,,,,,,,,,,,,,,,,,,,
PSV Eindhoven,Netherlands,,,,,,,,,,,,,,,,,,,,,,,,,,,,
Twente,Netherlands,,,,,,,,,,,,,,,,,,,,,,,,,,,,
Twente,Netherlands,,,,,,,,,,,,,,,,,,,,,,,,,,,,
Utrecht,Netherlands,,,,,,,,,,,,,,,,,,,,,,,,,,,,
Vitesse,Netherlands,,,,,,,,,,,,,,,,,,,,,,,,,,,,
Cliftonville,Northern Ireland,,,,,,,,,,,,,,,,,,,,,,,,,,,,
Cliftonville,Northern Ireland,,,,,,,,,,,,,,,,,,,,,,,,,,,,
Coleraine,Northern Ireland,,,,,,,,,,,,,,,,,,,,,,,,,,,,
Crusaders,Northern Ireland,,,,,,,,,,,,,,,,,,,,,,,,,,,,
Crusaders,Northern Ireland,,,,,,,,,,,,,,,,,,,,,,,,,,,,
Glenavon,Northern Ireland,,,,,,,,,,,,,,,,,,,,,,,,,,,,
Linfield,Northern Ireland,,,,,,,,,,,,,,,,,,,,,,,,,,,,
Linfield,Northern Ireland,,,,,,,,,,,,,,,,,,,,,,,,,,,,
Brann,Norway,,,,,,,,,,,,,,,,,,,,,,,,,,,,
Lillestrom,Norway,,,,,,,,,,,,,,,,,,,,,,,,,,,,
Molde,Norway,,,,,,,,,,,,,,,,,,,,,,,,,,,,
Molde,Norway,,,,,,,,,,,,,,,,,,,,,,,,,,,,
Rosenborg,Norway,,,,,,,,,,,,,,,,,,,,,,,,,,,,
Rosenborg,Norway,,,,,,,,,,,,,,,,,,,,,,,,,,,,
Sarpsborg 08,Norway,,,,,,,,,,,,,,,,,,,,,,,,,,,,
Stormsgodset,Norway,,,,,,,,,,,,,,,,,,,,,,,,,,,,
Stormsgodset,Norway,,,,,,,,,,,,,,,,,,,,,,,,,,,,
Tromso,Norway,,,,,,,,,,,,,,,,,,,,,,,,,,,,
Viking,Norway,,,,,,,,,,,,,,,,,,,,,,,,,,,,
Gornik Zabrze,Poland,,,,,,,,,,,,,,,,,,,,,,,,,,,,
Jagiellonia Bialystok,Poland,,,,,,,,,,,,,,,,,,,,,,,,,,,,
Lech Poznan,Poland,,,,,,,,,,,,,,,,,,,,,,,,,,,,
Lech Poznan,Poland,,,,,,,,,,,,,,,,,,,,,,,,,,,,
Legia Warsaw,Poland,,,,,,,,,,,,,,,,,,,,,,,,,,,,
Legia Warsaw,Poland,,,,,,,,,,,,,,,,,,,,,,,,,,,,
Slask Wroclaw,Poland,,,,,,,,,,,,,,,,,,,,,,,,,,,,
Wisla Krakow,Poland,,,,,,,,,,,,,,,,,,,,,,,,,,,,
,,,,,,,,,,,,,,,,,,,,,,,,,,,,,
Benifica,Portugal,1,,2,,1,3,1,,1,,1,3,2,,2,,2,,1,,3,,4,,3,,3,
Porto,Portugal,2,,1,,2,,3,,2,,3,,1,,1,,1,3,3,3,1,3,1,,1,,1,3
Sporting CP,Portugal,3,3,3,,3,,2,,3,3,2,,7,,4,,3,,4,,2,,2,3,2,3,2,
Academica,Portugal,,,,,,,18,,15,,8,,11,,13,3,14,,11,,7,,12,,13,,13,
Arouca,Portugal,,,,,17,,5,,16,,12,,,,,,,,,,,,,,,,,
Beira-Mar,Portugal,,,,,,,,,,,,,16,,12,,13,,,,,,,,15,,,
Belensenses,Portugal,9,,12,,14,,9,,6,,14,,,,,,,,15,,15,,8,,5,,15,
Boavista,Portugal,8,,8,,9,,14,,13,,,,,,,,,,,,,,9,,10,,6,
Braga,Portugal,4,,4,,5,,4,3,4,,9,,4,,3,,4,,2,,5,,7,,4,,4,
Chaves,Portugal,16,,6,,11,,,,,,,,,,,,,,,,,,,,,,,
Desportivo das Aves,Portugal,14,,13,3,,,,,,,,,,,,,,,,,,,,,16,,,
Estoril,Portugal,,,18,,10,,8,,12,,4,,5,,,,,,,,,,,,,,,
Feirense,Portugal,18,,16,,8,,,,,,,,,,15,,,,,,,,,,,,,
Gil Vicente,Portugal,,,,,,,,,17,,13,,13,,9,,,,,,,,,,,,12,
Leixoes,Portugal,,,,,,,,,,,,,,,,,,,16,,6,,14,,,,,
Maritimo,Portugal,11,,7,,6,,13,,9,,6,,10,,5,,9,,5,,9,,5,,11,,10,
Moreirense,Portugal,6,,15,,15,,12,,11,,,,15,,,,,,,,,,,,,,,
Nacional,Portugal,17,,,,18,,11,,7,,5,,8,,7,,6,,7,,4,,10,,8,,5,
Naval 1 de Maio,Portugal,,,,,,,,,,,,,,,,,16,,8,,13,,11,,12,,14,
Olhanense,Portugal,,,,,,,,,,,16,,14,,8,,11,,13,,,,,,,,,
Pacos de Ferreira,Portugal,,,17,,13,,7,,8,,15,,3,,10,,7,,10,,10,,15,,6,,11,
Penafiel,Portugal,,,,,,,,,18,,,,,,,,,,,,,,,,,,18,
Portimonense,Portugal,12,,10,,,,,,,,,,,,,,15,,,,,,,,,,,
Rio Ave,Portugal,7,,5,,7,,6,,10,,11,,6,,14,,8,,12,,12,,,,,,16,
Santa Clara,Portugal,10,,,,,,,,,,,,,,,,,,,,,,,,,,,
Tondela,Portugal,15,,11,,16,,16,,,,,,,,,,,,,,,,,,,,,
Uniao da Madeira,Portugal,,,,,,,17,,,,,,,,,,,,,,,,,,,,,
Uniao de Leira,Portugal,,,,,,,,,,,,,,,16,,10,,9,,,,16,,7,,7,
Vitoria de Guimares,Portugal,5,,9,,4,,10,,5,,10,,9,3,6,,5,,6,,8,,3,,,,17,
Vitoria de Setubal,Portugal,13,,14,,12,,15,,14,,7,,12,,11,,12,,14,,14,,6,,14,,8,
Estrela da Amadora,Portugal,,,,,,,,,,,,,,,,,,,,,11,,13,,9,,9,
Trofense,Portugal,,,,,,,,,,,,,,,,,,,,,16,,,,,,,
,,,,,,,,,,,,,,,,,,,,,,,,,,,,,
Astra Giurgiu,Romania,,,,,,,,,,,,,,,,,,,,,,,,,,,,
Astra Giurgiu,Romania,,,,,,,,,,,,,,,,,,,,,,,,,,,,
CFR Cluj,Romania,,,,,,,,,,,,,,,,,,,,,,,,,,,,
CFR Cluj,Romania,,,,,,,,,,,,,,,,,,,,,,,,,,,,
Dinamo Bucuresti,Romania,,,,,,,,,,,,,,,,,,,,,,,,,,,,
FCSB,Romania,,,,,,,,,,,,,,,,,,,,,,,,,,,,
FCSB,Romania,,,,,,,,,,,,,,,,,,,,,,,,,,,,
Otelul Galati,Romania,,,,,,,,,,,,,,,,,,,,,,,,,,,,
Otelul Galati,Romania,,,,,,,,,,,,,,,,,,,,,,,,,,,,
Pandurii Targu Jiu,Romania,,,,,,,,,,,,,,,,,,,,,,,,,,,,
Rapid Bucuresti,Romania,,,,,,,,,,,,,,,,,,,,,,,,,,,,
Steaua Bucuresti,Romania,,,,,,,,,,,,,,,,,,,,,,,,,,,,
Steaua Bucuresti,Romania,,,,,,,,,,,,,,,,,,,,,,,,,,,,
Timisoara,Romania,,,,,,,,,,,,,,,,,,,,,,,,,,,,
Unirea Urizenci,Romania,,,,,,,,,,,,,,,,,,,,,,,,,,,,
Unirea Urizenci,Romania,,,,,,,,,,,,,,,,,,,,,,,,,,,,
Universitatea Craiova,Romania,,,,,,,,,,,,,,,,,,,,,,,,,,,,
Vaslui,Romania,,,,,,,,,,,,,,,,,,,,,,,,,,,,
Vaslui,Romania,,,,,,,,,,,,,,,,,,,,,,,,,,,,
Viitorul Constanta,Romania,,,,,,,,,,,,,,,,,,,,,,,,,,,,
Viitorul Constanta,Romania,,,,,,,,,,,,,,,,,,,,,,,,,,,,
,,,,,,,,,,,,,,,,,,,,,,,,,,,,,
Akhmat Grozny,Russia,8,,9,,5,,7,,9,,12,,8,,11,,12,,11,,10,,,,,,16,
Amkar Perm,Russia,,,13,,10,,11,,11,,10,,11,,10,,14,,12,,4,,8,,13,,12,
Anzhi Makhachkala,Russia,15,,14,,12,,13,,,,16,,3,,5,,11,,,,,,,,,,,
Arsenal Tula,Russia,6,,7,,14,,,,16,,,,,,,,,,,,,,,,,,,
CSKA Moscow,Russia,4,,2,,2,,1,,2,,1,,1,3,3,,2,3,5,,2,3,3,3,1,,1,3
Dynamo Moscow,Russia,12,,8,,,,15,,4,,4,,7,,4,,7,,8,,3,,6,,14,,8,
Krasnodar,Russia,3,,4,,4,,4,,3,,5,,10,,9,,,,,,,,,,,,,
Krylia Sovetov Samara,Russia,13,,,,15,,9,,,,14,,14,,12,,13,,10,,6,,13,,9,,14,
Kuban Krasnodar,Russia,,,,,,,14,,10,,8,,5,,8,,,,15,,,,15,,,,,
Lokomotiv Moscow,Russia,2,3,1,,8,3,6,,7,3,3,,9,,7,,5,,4,,7,,7,,3,3,3,
Mordovia Saransk,Russia,,,,,,,16,,8,,,,15,,,,,,,,,,,,,,,
Orenburg,Russia,7,,,,13,,,,,,,,,,,,,,,,,,,,,,,
Rostov,Russia,9,,11,,6,,2,,14,,7,3,13,,13,,9,,14,,,,16,,12,,13,
Rubin Kazan,Russia,11,,10,,9,,10,,5,,9,,6,,6,3,3,,1,,1,,10,,5,,4,
SKA-Khabarovsk,Russia,,,16,,,,,,,,,,,,,,,,,,,,,,,,,
Spartak Moscow,Russia,5,,3,,1,,5,,6,,6,,4,,2,,4,,2,,8,,2,,2,,2,
Tom Tomsk,Russia,,,,,16,,,,,,13,,,,15,,8,,9,,13,,11,,8,,10,
Tosno,Russia,,,15,3,,,,,,,,,,,,,,,,,,,,,,,,
Ufa,Russia,14,,6,,7,,12,,12,,,,,,,,,,,,,,,,,,,
Ural Yekaterinburg,Russia,10,,12,,11,,8,,13,,11,,,,,,,,,,,,,,,,,
Yenisey Krasnoyarsk,Russia,16,,,,,,,,,,,,,,,,,,,,,,,,,,,
Zenit Saint Petersburg,Russia,1,,5,,3,,3,3,1,,2,,2,,1,,1,,3,3,5,,1,,4,,6,
Torpedo Moscow,Russia,,,,,,,,,15,,,,,,,,,,,,,,,,15,,7,
Volga Nizhny-Novgorod,Russia,,,,,,,,,,,15,,12,,14,,,,,,,,,,,,,
Alania Vladikavkaz,Russia,,,,,,,,,,,,,16,,,,15,,,,,,,,,,15,
Spartak Nalchik,Russia,,,,,,,,,,,,,,,16,,6,,11,,12,,12,,10,,,
Saturn,Russia,,,,,,,,,,,,,,,,,10,,7,,11,,5,,11,,11,
Sibir Novosibirsk,Russia,,,,,,,,,,,,,,,,,16,,,,,,,,,,,
FC Moscow,Russia,,,,,,,,,,,,,,,,,,,6,,9,,4,,6,,5,
Khimki,Russia,,,,,,,,,,,,,,,,,,,16,,14,,9,,,,,
Shinnik Yaroslavl,Russia,,,,,,,,,,,,,,,,,,,,,15,,,,16,,9,
Luch-Energiya Vladivostok,Russia,,,,,,,,,,,,,,,,,,,,,16,,14,,7,,,
,,,,,,,,,,,,,,,,,,,,,,,,,,,,,
Folgore,San Marino,,,,,,,,,,,,,,,,,,,,,,,,,,,,
Folgore,San Marino,,,,,,,,,,,,,,,,,,,,,,,,,,,,
La Fiorita,San Marino,,,,,,,,,,,,,,,,,,,,,,,,,,,,
La Fiorita,San Marino,,,,,,,,,,,,,,,,,,,,,,,,,,,,
Tre Fiori,San Marino,,,,,,,,,,,,,,,,,,,,,,,,,,,,
Tre Penne,San Marino,,,,,,,,,,,,,,,,,,,,,,,,,,,,
Tre Penne,San Marino,,,,,,,,,,,,,,,,,,,,,,,,,,,,
Aberdeen,Scotland,,,,,,,,,,,,,,,,,,,,,,,,,,,,
Celtic,Scotland,,,,,,,,,,,,,,,,,,,,,,,,,,,,
Celtic,Scotland,,,,,,,,,,,,,,,,,,,,,,,,,,,,
Hibernian,Scotland,,,,,,,,,,,,,,,,,,,,,,,,,,,,
Motherwell,Scotland,,,,,,,,,,,,,,,,,,,,,,,,,,,,
Rangers,Scotland,,,,,,,,,,,,,,,,,,,,,,,,,,,,
Rangers,Scotland,,,,,,,,,,,,,,,,,,,,,,,,,,,,
Partizan,Serbia,,,,,,,,,,,,,,,,,,,,,,,,,,,,
Partizan,Serbia,,,,,,,,,,,,,,,,,,,,,,,,,,,,
Radnicki Nis,Serbia,,,,,,,,,,,,,,,,,,,,,,,,,,,,
Red Star Belgrade,Serbia,,,,,,,,,,,,,,,,,,,,,,,,,,,,
Red Star Belgrade,Serbia,,,,,,,,,,,,,,,,,,,,,,,,,,,,
Spartak Subotica,Serbia,,,,,,,,,,,,,,,,,,,,,,,,,,,,
Artmedia Bratislava,Slovakia,,,,,,,,,,,,,,,,,,,,,,,,,,,,
Artmedia Bratislava,Slovakia,,,,,,,,,,,,,,,,,,,,,,,,,,,,
DAC Dunajska Streda,Slovakia,,,,,,,,,,,,,,,,,,,,,,,,,,,,
Slovan Bratislava,Slovakia,,,,,,,,,,,,,,,,,,,,,,,,,,,,
Slovan Bratislava,Slovakia,,,,,,,,,,,,,,,,,,,,,,,,,,,,
Slovan Liberec,Slovakia,,,,,,,,,,,,,,,,,,,,,,,,,,,,
Spartak Trnava,Slovakia,,,,,,,,,,,,,,,,,,,,,,,,,,,,
Spartak Trnava,Slovakia,,,,,,,,,,,,,,,,,,,,,,,,,,,,
Trencin,Slovakia,,,,,,,,,,,,,,,,,,,,,,,,,,,,
Trencin,Slovakia,,,,,,,,,,,,,,,,,,,,,,,,,,,,
Zilina,Slovakia,,,,,,,,,,,,,,,,,,,,,,,,,,,,
Zilina,Slovakia,,,,,,,,,,,,,,,,,,,,,,,,,,,,
Domzale,Slovenia,,,,,,,,,,,,,,,,,,,,,,,,,,,,
Maribor,Slovenia,,,,,,,,,,,,,,,,,,,,,,,,,,,,
Maribor,Slovenia,,,,,,,,,,,,,,,,,,,,,,,,,,,,
Olympia Ljubljana,Slovenia,,,,,,,,,,,,,,,,,,,,,,,,,,,,
Olympia Ljubljana,Slovenia,,,,,,,,,,,,,,,,,,,,,,,,,,,,
Rudar Velenje,Slovenia,,,,,,,,,,,,,,,,,,,,,,,,,,,,
,,,,,,,,,,,,,,,,,,,,,,,,,,,,,
Alaves,Spain,11,,14,,9,,,,,,,,,,,,,,,,,,,,,,18,
Almiera,Spain,,,,,,,,,19,,17,,,,,,20,,13,,11,,8,,,,,
Athletic Bilbao,Spain,8,,16,,7,,5,,7,,4,,12,,10,,6,,8,,13,,11,,17,,12,
Atletico Madrid,Spain,2,,2,,3,,3,,3,,1,,3,3,5,,7,,9,,4,,4,,7,,10,
Barcelona,Spain,1,,1,3,2,3,1,3,1,3,2,,1,,2,3,1,,1,,1,3,3,,2,,1,
Celta Vigo,Spain,17,,13,,13,,6,,8,,9,,17,,,,,,,,,,,,18,,6,
Cordoba,Spain,,,,,,,,,20,,,,,,,,,,,,,,,,,,,
Deportivo la Coruna,Spain,,,18,,16,,15,,16,,,,19,,,,18,,10,,7,,9,,13,,8,
Eibar,Spain,12,,9,,10,,14,,18,,,,,,,,,,,,,,,,,,,
Elche,Spain,,,,,,,,,13,,16,,,,,,,,,,,,,,,,,
Espanyol,Spain,7,,11,,8,,13,,10,,14,,13,,14,,8,,11,,10,,12,,11,,15,3
Getafe,Spain,5,,8,,,,19,,15,,13,,10,,11,,16,,6,,17,,14,,9,,9,
Gimnastic,Spain,,,,,,,,,,,,,,,,,,,,,,,,,20,,,
Girona,Spain,18,,10,,,,,,,,,,,,,,,,,,,,,,,,,
Granada,Spain,,,,,20,,16,,17,,15,,15,,17,,,,,,,,,,,,,
Hercules,Spain,,,,,,,,,,,,,,,,,19,,,,,,,,,,,
Huesca,Spain,19,,,,,,,,,,,,,,,,,,,,,,,,,,,
Las Palmas,Spain,,,19,,14,,11,,,,,,,,,,,,,,,,,,,,,
Leganes,Spain,13,,17,,17,,,,,,,,,,,,,,,,,,,,,,,
Levante,Spain,15,,15,,,,20,,14,,10,,11,,6,,14,,,,,,20,,15,,,
Malaga,Spain,,,20,,11,,8,,9,,11,,6,,4,,11,,17,,8,,,,,,20,
Mallorca,Spain,,,,,,,,,,,,,18,,8,,17,,5,,9,,7,,12,,13,
Numancia,Spain,,,,,,,,,,,,,,,,,,,,,19,,,,,,,
Osasuna ,Spain,,,,,19,,,,,,18,,16,,7,,9,,12,,15,,17,,14,,4,
Racing Santander,Spain,,,,,,,,,,,,,,,20,,12,,16,,12,,6,,10,,17,
Rayo Vallecano,Spain,20,,,,,,18,,11,,12,,8,,15,,,,,,,,,,,,,
Real Betis,Spain,10,,6,,15,,10,,,,20,,7,,13,,,,,,18,,13,,16,,14,
Real Madrid,Spain,3,,3,,1,,2,,2,,3,3,2,,1,,2,3,2,,2,,1,,1,,2,
Real Sociedad,Spain,9,,12,,6,,9,,12,,7,,4,,12,,15,,,,,,,,19,,16,
Recreativo,Spain,,,,,,,,,,,,,,,,,,,,,20,,16,,8,,,
Sevilla,Spain,6,,7,,4,,7,,5,,5,,9,,9,,5,,4,3,3,,5,,3,3,5,
Sporting Gijon,Spain,,,,,18,,17,,,,,,,,19,,10,,15,,14,,,,,,,
Tenerife,Spain,,,,,,,,,,,,,,,,,,,19,,,,,,,,,
Valencia,Spain,4,3,4,,12,,12,,4,,8,,5,,3,,3,,3,,6,,10,3,4,,3,
Valladolid,Spain,16,,,,,,,,,,19,,14,,,,,,18,,16,,15,,,,,
Villarreal,Spain,14,,5,,5,,4,,6,,6,,,,18,,4,,7,,5,,2,,5,,7,
Xerez,Spain,,,,,,,,,,,,,,,,,,,20,,,,,,,,,
Zaragoza,Spain,,,,,,,,,,,,,20,,16,,13,,14,,,,18,,6,,11,
Murcia,Spain,,,,,,,,,,,,,,,,,,,,,,,19,,,,,
Cadiz,Spain,,,,,,,,,,,,,,,,,,,,,,,,,,,20,
,,,,,,,,,,,,,,,,,,,,,,,,,,,,,
AIK,Sweden,,,,,,,,,,,,,,,,,,,,,,,,,,,,
BK Hacken,Sweden,,,,,,,,,,,,,,,,,,,,,,,,,,,,
Djurgardens IF,Sweden,,,,,,,,,,,,,,,,,,,,,,,,,,,,
Elfsborg,Sweden,,,,,,,,,,,,,,,,,,,,,,,,,,,,
Elfsborg,Sweden,,,,,,,,,,,,,,,,,,,,,,,,,,,,
Halmstad,Sweden,,,,,,,,,,,,,,,,,,,,,,,,,,,,
Helsingborg,Sweden,,,,,,,,,,,,,,,,,,,,,,,,,,,,
Helsingborg,Sweden,,,,,,,,,,,,,,,,,,,,,,,,,,,,
IFK Norrkoping,Sweden,,,,,,,,,,,,,,,,,,,,,,,,,,,,
IFK Norrkoping,Sweden,,,,,,,,,,,,,,,,,,,,,,,,,,,,
Malmo FF,Sweden,,,,,,,,,,,,,,,,,,,,,,,,,,,,
Malmo FF,Sweden,,,,,,,,,,,,,,,,,,,,,,,,,,,,
Osterund,Sweden,,,,,,,,,,,,,,,,,,,,,,,,,,,,
Basel,Switzerland,,,,,,,,,,,,,,,,,,,,,,,,,,,,
Basel,Switzerland,,,,,,,,,,,,,,,,,,,,,,,,,,,,
Grasshopper,Switzerland,,,,,,,,,,,,,,,,,,,,,,,,,,,,
Grasshopper,Switzerland,,,,,,,,,,,,,,,,,,,,,,,,,,,,
Lausanne Sport,Switzerland,,,,,,,,,,,,,,,,,,,,,,,,,,,,
Lugano,Switzerland,,,,,,,,,,,,,,,,,,,,,,,,,,,,
Luzerne,Switzerland,,,,,,,,,,,,,,,,,,,,,,,,,,,,
Sion,Switzerland,,,,,,,,,,,,,,,,,,,,,,,,,,,,
St. Gallen,Switzerland,,,,,,,,,,,,,,,,,,,,,,,,,,,,
Thun,Switzerland,,,,,,,,,,,,,,,,,,,,,,,,,,,,
Thun,Switzerland,,,,,,,,,,,,,,,,,,,,,,,,,,,,
Young Boys,Switzerland,,,,,,,,,,,,,,,,,,,,,,,,,,,,
Young Boys,Switzerland,,,,,,,,,,,,,,,,,,,,,,,,,,,,
Zurich,Switzerland,,,,,,,,,,,,,,,,,,,,,,,,,,,,
Zurich,Switzerland,,,,,,,,,,,,,,,,,,,,,,,,,,,,
Akhisaspor,Turkey,,,,,,,,,,,,,,,,,,,,,,,,,,,,
Besiktas,Turkey,,,,,,,,,,,,,,,,,,,,,,,,,,,,
Besiktas,Turkey,,,,,,,,,,,,,,,,,,,,,,,,,,,,
Bursaspor,Turkey,,,,,,,,,,,,,,,,,,,,,,,,,,,,
Bursaspor,Turkey,,,,,,,,,,,,,,,,,,,,,,,,,,,,
Fenerbahce,Turkey,,,,,,,,,,,,,,,,,,,,,,,,,,,,
Fenerbahce,Turkey,,,,,,,,,,,,,,,,,,,,,,,,,,,,
Galatasary,Turkey,,,,,,,,,,,,,,,,,,,,,,,,,,,,
Galatasary,Turkey,,,,,,,,,,,,,,,,,,,,,,,,,,,,
Istanbul Basaksehir,Turkey,,,,,,,,,,,,,,,,,,,,,,,,,,,,
Istanbul Basaksehir,Turkey,,,,,,,,,,,,,,,,,,,,,,,,,,,,
Konyaspor,Turkey,,,,,,,,,,,,,,,,,,,,,,,,,,,,
Osmanlispor,Turkey,,,,,,,,,,,,,,,,,,,,,,,,,,,,
Trabzonspor,Turkey,,,,,,,,,,,,,,,,,,,,,,,,,,,,
Trabzonspor,Turkey,,,,,,,,,,,,,,,,,,,,,,,,,,,,
Chornomorets Odesa,Ukraine,,,,,,,,,,,,,,,,,,,,,,,,,,,,
Dnipro Dnipropetrovsk,Ukraine,,,,,,,,,,,,,,,,,,,,,,,,,,,,
Dnipro Dnipropetrovsk,Ukraine,,,,,,,,,,,,,,,,,,,,,,,,,,,,
Dynamo Kyiv,Ukraine,,,,,,,,,,,,,,,,,,,,,,,,,,,,
Dynamo Kyiv,Ukraine,,,,,,,,,,,,,,,,,,,,,,,,,,,,
Karpaty Lviv,Ukraine,,,,,,,,,,,,,,,,,,,,,,,,,,,,
Mariupol,Ukraine,,,,,,,,,,,,,,,,,,,,,,,,,,,,
Metalist Kharkhiv,Ukraine,,,,,,,,,,,,,,,,,,,,,,,,,,,,
Metalist Kharkiv,Ukraine,,,,,,,,,,,,,,,,,,,,,,,,,,,,
Shakhtar Donetsk,Ukraine,,,,,,,,,,,,,,,,,,,,,,,,,,,,
Shakhtar Donetsk,Ukraine,,,,,,,,,,,,,,,,,,,,,,,,,,,,
Vorskla Poltava,Ukraine,,,,,,,,,,,,,,,,,,,,,,,,,,,,
Zorya Luhansk,Ukraine,,,,,,,,,,,,,,,,,,,,,,,,,,,,
Bala Town,Wales,,,,,,,,,,,,,,,,,,,,,,,,,,,,
Cefn Druids,Wales,,,,,,,,,,,,,,,,,,,,,,,,,,,,
Connah's Quay Nomads,Wales,,,,,,,,,,,,,,,,,,,,,,,,,,,,
The New Saints,Wales,,,,,,,,,,,,,,,,,,,,,,,,,,,,
The New Saints,Wales,,,,,,,,,,,,,,,,,,,,,,,,,,,,
