Wk,Day,Date,Time,Home,xG,Score,xG,Away,Attendance,Venue,Referee,Match Report,Notes
1,Fri,2019-08-16,20:30 (13:30),Bayern Munich,2.7,2–2,0.9,Hertha BSC,75000,Allianz Arena,Harm Osmers,Match Report,
1,Sat,2019-08-17,15:30 (08:30),Dortmund,2.4,5–1,0.7,Augsburg,81365,Signal Iduna Park,Frank Willenborg,Match Report,
1,Sat,2019-08-17,15:30 (08:30),Bayer,2.7,3–2,1.2,Paderborn 07,26208,BayArena,Tobias Stieler,Match Report,
1,Sat,2019-08-17,15:30 (08:30),Freiburg,2.1,3–0,0.9,Mainz 05,24000,Schwarzwald-Stadion,Robert Hartmann,Match Report,
1,Sat,2019-08-17,15:30 (08:30),Werder Bremen,2.4,1–3,0.9,Düsseldorf,42100,Weserstadion,Felix Zwayer,Match Report,
1,Sat,2019-08-17,15:30 (08:30),Wolfsburg,0.8,2–1,1.0,Köln,25099,Volkswagen Arena,Sven Jablonski,Match Report,
1,Sat,2019-08-17,18:30 (11:30),M'gladbach,1.6,0–0,0.7,Schalke 04,54022,Stadion im Borussia-Park,Felix Brych,Match Report,
1,Sun,2019-08-18,15:30 (08:30),Eint Frankfurt,1.2,1–0,0.6,Hoffenheim,50200,Commerzbank-Arena,Daniel Siebert,Match Report,
1,Sun,2019-08-18,18:00 (11:00),Union Berlin,0.6,0–4,3.2,RB Leipzig,22467,Stadion An der Alten Försterei,Markus Schmidt,Match Report,
,,,,,,,,,,,,,
2,Fri,2019-08-23,20:30 (13:30),Köln,0.8,1–3,1.7,Dortmund,50000,RheinEnergieSTADION,Christian Dingert,Match Report,
2,Sat,2019-08-24,15:30 (08:30),Paderborn 07,1.7,1–3,2.1,Freiburg,14322,Benteler-Arena,Tobias Welz,Match Report,
2,Sat,2019-08-24,15:30 (08:30),Mainz 05,1.2,1–3,1.5,M'gladbach,28005,Opel Arena,Martin Petersen,Match Report,
2,Sat,2019-08-24,15:30 (08:30),Hoffenheim,0.7,3–2,1.2,Werder Bremen,27333,PreZero Arena,Sascha Stegemann,Match Report,
2,Sat,2019-08-24,15:30 (08:30),Düsseldorf,1.0,1–3,1.8,Bayer,44538,Merkur Spielarena,Patrick Ittrich,Match Report,
2,Sat,2019-08-24,15:30 (08:30),Augsburg,1.5,1–1,1.1,Union Berlin,27703,WWK Arena,Robert Schröder,Match Report,
2,Sat,2019-08-24,18:30 (11:30),Schalke 04,0.9,0–3,1.6,Bayern Munich,62271,Veltins-Arena,Marco Fritz,Match Report,
2,Sun,2019-08-25,15:30 (08:30),RB Leipzig,1.5,2–1,0.9,Eint Frankfurt,40108,Red Bull Arena,Benjamin Cortus,Match Report,
2,Sun,2019-08-25,18:00 (11:00),Hertha BSC,1.1,0–3,1.2,Wolfsburg,42738,Olympiastadion Berlin,Guido Winkmann,Match Report,
,,,,,,,,,,,,,
3,Fri,2019-08-30,20:30 (13:30),M'gladbach,1.1,1–3,2.3,RB Leipzig,47327,Stadion im Borussia-Park,Sven Jablonski,Match Report,
3,Sat,2019-08-31,15:30 (08:30),Schalke 04,1.0,3–0,0.8,Hertha BSC,58875,Veltins-Arena,Tobias Stieler,Match Report,
3,Sat,2019-08-31,15:30 (08:30),Wolfsburg,0.7,1–1,0.7,Paderborn 07,23750,Volkswagen Arena,Daniel Schlager,Match Report,
3,Sat,2019-08-31,15:30 (08:30),Freiburg,0.8,1–2,1.4,Köln,24000,Schwarzwald-Stadion,Robert Kampka,Match Report,
3,Sat,2019-08-31,15:30 (08:30),Bayer,0.9,0–0,0.3,Hoffenheim,26506,BayArena,Felix Zwayer,Match Report,
3,Sat,2019-08-31,15:30 (08:30),Bayern Munich,2.6,6–1,0.4,Mainz 05,75000,Allianz Arena,Markus Schmidt,Match Report,
3,Sat,2019-08-31,18:30 (11:30),Union Berlin,2.1,3–1,1.8,Dortmund,22012,Stadion An der Alten Försterei,Felix Brych,Match Report,
3,Sun,2019-09-01,15:30 (08:30),Werder Bremen,2.5,3–2,1.5,Augsburg,40041,Weserstadion,Sören Storks,Match Report,
3,Sun,2019-09-01,18:00 (11:00),Eint Frankfurt,1.3,2–1,0.6,Düsseldorf,49800,Commerzbank-Arena,Frank Willenborg,Match Report,
,,,,,,,,,,,,,
4,Fri,2019-09-13,20:30 (13:30),Düsseldorf,0.6,1–1,1.5,Wolfsburg,36758,Merkur Spielarena,Manuel Gräfe,Match Report,
4,Sat,2019-09-14,15:30 (08:30),Augsburg,1.8,2–1,1.0,Eint Frankfurt,28513,WWK Arena,Harm Osmers,Match Report,
4,Sat,2019-09-14,15:30 (08:30),Union Berlin,1.8,1–2,2.7,Werder Bremen,22012,Stadion An der Alten Försterei,Tobias Welz,Match Report,
4,Sat,2019-09-14,15:30 (08:30),Dortmund,2.2,4–0,0.7,Bayer,81365,Signal Iduna Park,Daniel Siebert,Match Report,
4,Sat,2019-09-14,15:30 (08:30),Mainz 05,1.8,2–1,2.2,Hertha BSC,22798,Opel Arena,Marco Fritz,Match Report,
4,Sat,2019-09-14,15:30 (08:30),Köln,1.0,0–1,2.0,M'gladbach,50000,RheinEnergieSTADION,Deniz Aytekin,Match Report,
4,Sat,2019-09-14,18:30 (11:30),RB Leipzig,1.6,1–1,1.5,Bayern Munich,42146,Red Bull Arena,Sascha Stegemann,Match Report,
4,Sun,2019-09-15,15:30 (08:30),Hoffenheim,1.6,0–3,1.1,Freiburg,29395,PreZero Arena,Guido Winkmann,Match Report,
4,Sun,2019-09-15,18:00 (11:00),Paderborn 07,1.2,1–5,2.6,Schalke 04,15000,Benteler-Arena,Robert Schröder,Match Report,
,,,,,,,,,,,,,
5,Fri,2019-09-20,20:30 (13:30),Schalke 04,1.2,2–1,1.1,Mainz 05,58687,Veltins-Arena,Daniel Schlager,Match Report,
5,Sat,2019-09-21,15:30 (08:30),Bayer,1.6,2–0,0.2,Union Berlin,27430,BayArena,Robert Hartmann,Match Report,
5,Sat,2019-09-21,15:30 (08:30),Hertha BSC,1.2,2–1,1.5,Paderborn 07,43588,Olympiastadion Berlin,Frank Willenborg,Match Report,
5,Sat,2019-09-21,15:30 (08:30),Freiburg,1.1,1–1,1.0,Augsburg,23800,Schwarzwald-Stadion,Bastian Dankert,Match Report,
5,Sat,2019-09-21,15:30 (08:30),Bayern Munich,2.6,4–0,0.8,Köln,75000,Allianz Arena,Patrick Ittrich,Match Report,
5,Sat,2019-09-21,18:30 (11:30),Werder Bremen,0.7,0–3,1.5,RB Leipzig,40550,Weserstadion,Tobias Stieler,Match Report,
5,Sun,2019-09-22,15:30 (08:30),M'gladbach,2.8,2–1,1.0,Düsseldorf,52413,Stadion im Borussia-Park,Christian Dingert,Match Report,
5,Sun,2019-09-22,18:00 (11:00),Eint Frankfurt,1.2,2–2,2.2,Dortmund,51500,Commerzbank-Arena,Markus Schmidt,Match Report,
5,Mon,2019-09-23,20:30 (13:30),Wolfsburg,1.3,1–1,0.7,Hoffenheim,21120,Volkswagen Arena,Benjamin Cortus,Match Report,
,,,,,,,,,,,,,
6,Fri,2019-09-27,20:30 (13:30),Union Berlin,0.7,1–2,1.5,Eint Frankfurt,22012,Stadion An der Alten Försterei,Sascha Stegemann,Match Report,
6,Sat,2019-09-28,15:30 (08:30),Augsburg,0.3,0–3,1.1,Bayer,27113,WWK Arena,Robert Kampka,Match Report,
6,Sat,2019-09-28,15:30 (08:30),RB Leipzig,1.6,1–3,2.5,Schalke 04,42146,Red Bull Arena,Manuel Gräfe,Match Report,
6,Sat,2019-09-28,15:30 (08:30),Paderborn 07,0.3,2–3,3.5,Bayern Munich,15000,Benteler-Arena,Felix Zwayer,Match Report,
6,Sat,2019-09-28,15:30 (08:30),Hoffenheim,1.7,0–3,2.0,M'gladbach,29030,PreZero Arena,Harm Osmers,Match Report,
6,Sat,2019-09-28,15:30 (08:30),Mainz 05,0.7,0–1,0.5,Wolfsburg,24303,Opel Arena,Felix Brych,Match Report,
6,Sat,2019-09-28,18:30 (11:30),Dortmund,2.0,2–2,1.5,Werder Bremen,81365,Signal Iduna Park,Deniz Aytekin,Match Report,
6,Sun,2019-09-29,15:30 (08:30),Düsseldorf,1.3,1–2,1.7,Freiburg,39244,Merkur Spielarena,Daniel Siebert,Match Report,
6,Sun,2019-09-29,18:00 (11:00),Köln,0.9,0–4,1.4,Hertha BSC,49700,RheinEnergieSTADION,Sören Storks,Match Report,
,,,,,,,,,,,,,
7,Fri,2019-10-04,20:30 (13:30),Hertha BSC,1.5,3–1,1.2,Düsseldorf,37128,Olympiastadion Berlin,Martin Petersen,Match Report,
7,Sat,2019-10-05,15:30 (08:30),Bayern Munich,1.5,1–2,0.8,Hoffenheim,75000,Allianz Arena,Tobias Stieler,Match Report,
7,Sat,2019-10-05,15:30 (08:30),Paderborn 07,1.7,1–2,2.8,Mainz 05,14217,Benteler-Arena,Patrick Ittrich,Match Report,
7,Sat,2019-10-05,15:30 (08:30),Bayer,1.3,1–1,1.7,RB Leipzig,26355,BayArena,Marco Fritz,Match Report,
7,Sat,2019-10-05,15:30 (08:30),Freiburg,0.4,2–2,0.8,Dortmund,24000,Schwarzwald-Stadion,Sven Jablonski,Match Report,
7,Sat,2019-10-05,18:30 (11:30),Schalke 04,1.7,1–1,0.6,Köln,61883,Veltins-Arena,Tobias Welz,Match Report,
7,Sun,2019-10-06,13:30 (06:30),M'gladbach,3.0,5–1,1.4,Augsburg,50352,Stadion im Borussia-Park,Robert Schröder,Match Report,
7,Sun,2019-10-06,15:30 (08:30),Wolfsburg,2.8,1–0,0.6,Union Berlin,27012,Volkswagen Arena,Bastian Dankert,Match Report,
7,Sun,2019-10-06,18:00 (11:00),Eint Frankfurt,2.2,2–2,1.8,Werder Bremen,51500,Commerzbank-Arena,Guido Winkmann,Match Report,
,,,,,,,,,,,,,
8,Fri,2019-10-18,20:30 (13:30),Eint Frankfurt,2.6,3–0,1.6,Bayer,50800,Commerzbank-Arena,Christian Dingert,Match Report,
8,Sat,2019-10-19,15:30 (08:30),Düsseldorf,1.3,1–0,0.2,Mainz 05,40660,Merkur Spielarena,Felix Zwayer,Match Report,
8,Sat,2019-10-19,15:30 (08:30),Union Berlin,1.0,2–0,0.5,Freiburg,22012,Stadion An der Alten Försterei,Benjamin Cortus,Match Report,
8,Sat,2019-10-19,15:30 (08:30),RB Leipzig,1.3,1–1,1.5,Wolfsburg,39182,Red Bull Arena,Deniz Aytekin,Match Report,
8,Sat,2019-10-19,15:30 (08:30),Augsburg,1.9,2–2,2.7,Bayern Munich,30660,WWK Arena,Daniel Siebert,Match Report,
8,Sat,2019-10-19,15:30 (08:30),Werder Bremen,1.1,1–1,0.5,Hertha BSC,41447,Weserstadion,Felix Brych,Match Report,
8,Sat,2019-10-19,18:30 (11:30),Dortmund,2.2,1–0,2.8,M'gladbach,81365,Signal Iduna Park,Sascha Stegemann,Match Report,
8,Sun,2019-10-20,15:30 (08:30),Köln,2.1,3–0,0.4,Paderborn 07,50000,RheinEnergieSTADION,Manuel Gräfe,Match Report,
8,Sun,2019-10-20,18:00 (11:00),Hoffenheim,1.2,2–0,0.8,Schalke 04,29477,PreZero Arena,Robert Hartmann,Match Report,
,,,,,,,,,,,,,
9,Fri,2019-10-25,20:30 (13:30),Mainz 05,1.3,3–1,1.9,Köln,31999,Opel Arena,Frank Willenborg,Match Report,
9,Sat,2019-10-26,15:30 (08:30),Schalke 04,1.0,0–0,0.4,Dortmund,61873,Veltins-Arena,Felix Brych,Match Report,
9,Sat,2019-10-26,15:30 (08:30),Paderborn 07,0.8,2–0,1.4,Düsseldorf,14182,Benteler-Arena,Bastian Dankert,Match Report,
9,Sat,2019-10-26,15:30 (08:30),Hertha BSC,2.0,2–3,2.0,Hoffenheim,44702,Olympiastadion Berlin,Markus Schmidt,Match Report,
9,Sat,2019-10-26,15:30 (08:30),Freiburg,1.6,2–1,2.1,RB Leipzig,24000,Schwarzwald-Stadion,Harm Osmers,Match Report,
9,Sat,2019-10-26,15:30 (08:30),Bayern Munich,3.5,2–1,1.6,Union Berlin,75000,Allianz Arena,Marco Fritz,Match Report,
9,Sat,2019-10-26,18:30 (11:30),Bayer,1.9,2–2,0.7,Werder Bremen,30210,BayArena,Martin Petersen,Match Report,
9,Sun,2019-10-27,15:30 (09:30),Wolfsburg,0.9,0–0,0.8,Augsburg,22630,Volkswagen Arena,Tobias Stieler,Match Report,
9,Sun,2019-10-27,18:00 (12:00),M'gladbach,1.9,4–2,1.0,Eint Frankfurt,52300,Stadion im Borussia-Park,Daniel Schlager,Match Report,
,,,,,,,,,,,,,
10,Fri,2019-11-01,20:30 (14:30),Hoffenheim,1.7,3–0,0.5,Paderborn 07,23629,PreZero Arena,Robert Schröder,Match Report,
10,Sat,2019-11-02,15:30 (09:30),RB Leipzig,3.5,8–0,0.8,Mainz 05,38517,Red Bull Arena,Guido Winkmann,Match Report,
10,Sat,2019-11-02,15:30 (09:30),Eint Frankfurt,2.8,5–1,1.0,Bayern Munich,51500,Commerzbank-Arena,Markus Schmidt,Match Report,
10,Sat,2019-11-02,15:30 (09:30),Dortmund,1.8,3–0,1.6,Wolfsburg,80200,Signal Iduna Park,Tobias Welz,Match Report,
10,Sat,2019-11-02,15:30 (09:30),Bayer,2.8,1–2,2.3,M'gladbach,30210,BayArena,Daniel Siebert,Match Report,
10,Sat,2019-11-02,15:30 (09:30),Werder Bremen,1.8,2–2,0.8,Freiburg,41000,Weserstadion,Christian Dingert,Match Report,
10,Sat,2019-11-02,18:30 (12:30),Union Berlin,1.2,1–0,0.4,Hertha BSC,22012,Stadion An der Alten Försterei,Deniz Aytekin,Match Report,
10,Sun,2019-11-03,15:30 (08:30),Düsseldorf,1.8,2–0,0.7,Köln,51155,Merkur Spielarena,Sven Jablonski,Match Report,
10,Sun,2019-11-03,18:00 (11:00),Augsburg,1.6,2–3,0.6,Schalke 04,30361,WWK Arena,Patrick Ittrich,Match Report,
,,,,,,,,,,,,,
11,Fri,2019-11-08,20:30 (13:30),Köln,0.7,1–2,1.8,Hoffenheim,49100,RheinEnergieSTADION,Robert Kampka,Match Report,
11,Sat,2019-11-09,15:30 (08:30),Mainz 05,2.0,2–3,0.9,Union Berlin,24349,Opel Arena,Harm Osmers,Match Report,
11,Sat,2019-11-09,15:30 (08:30),Hertha BSC,0.4,2–4,2.0,RB Leipzig,48532,Olympiastadion Berlin,Sören Storks,Match Report,
11,Sat,2019-11-09,15:30 (08:30),Schalke 04,1.7,3–3,1.7,Düsseldorf,61831,Veltins-Arena,Robert Hartmann,Match Report,
11,Sat,2019-11-09,15:30 (08:30),Paderborn 07,1.2,0–1,1.1,Augsburg,13758,Benteler-Arena,Marco Fritz,Match Report,
11,Sat,2019-11-09,18:30 (11:30),Bayern Munich,3.1,4–0,0.6,Dortmund,75000,Allianz Arena,Felix Zwayer,Match Report,
11,Sun,2019-11-10,13:30 (06:30),M'gladbach,1.4,3–1,1.7,Werder Bremen,54022,Stadion im Borussia-Park,Tobias Stieler,Match Report,
11,Sun,2019-11-10,15:30 (08:30),Wolfsburg,0.8,0–2,1.4,Bayer,24112,Volkswagen Arena,Manuel Gräfe,Match Report,
11,Sun,2019-11-10,18:00 (11:00),Freiburg,0.7,1–0,1.0,Eint Frankfurt,24000,Schwarzwald-Stadion,Felix Brych,Match Report,
,,,,,,,,,,,,,
12,Fri,2019-11-22,20:30 (13:30),Dortmund,2.5,3–3,1.5,Paderborn 07,81365,Signal Iduna Park,Christian Dingert,Match Report,
12,Sat,2019-11-23,15:30 (08:30),Union Berlin,1.6,2–0,1.1,M'gladbach,22012,Stadion An der Alten Försterei,Felix Brych,Match Report,
12,Sat,2019-11-23,15:30 (08:30),Werder Bremen,1.8,1–2,0.6,Schalke 04,42100,Weserstadion,Benjamin Cortus,Match Report,
12,Sat,2019-11-23,15:30 (08:30),Düsseldorf,0.8,0–4,3.5,Bayern Munich,53000,Merkur Spielarena,Frank Willenborg,Match Report,
12,Sat,2019-11-23,15:30 (08:30),Bayer,3.6,1–1,1.1,Freiburg,29032,BayArena,Deniz Aytekin,Match Report,
12,Sat,2019-11-23,15:30 (08:30),Eint Frankfurt,1.0,0–2,1.2,Wolfsburg,50700,Commerzbank-Arena,Daniel Siebert,Match Report,
12,Sat,2019-11-23,18:30 (11:30),RB Leipzig,2.4,4–1,0.4,Köln,42036,Red Bull Arena,Robert Schröder,Match Report,
12,Sun,2019-11-24,15:30 (08:30),Augsburg,2.0,4–0,0.4,Hertha BSC,29233,WWK Arena,Sascha Stegemann,Match Report,
12,Sun,2019-11-24,18:00 (11:00),Hoffenheim,2.2,1–5,2.1,Mainz 05,23129,PreZero Arena,Bastian Dankert,Match Report,
,,,,,,,,,,,,,
13,Fri,2019-11-29,20:30 (13:30),Schalke 04,1.6,2–1,1.8,Union Berlin,61837,Veltins-Arena,Daniel Schlager,Match Report,
13,Sat,2019-11-30,15:30 (08:30),Hoffenheim,1.7,1–1,1.0,Düsseldorf,25427,PreZero Arena,Martin Petersen,Match Report,
13,Sat,2019-11-30,15:30 (08:30),Hertha BSC,1.1,1–2,1.2,Dortmund,74667,Olympiastadion Berlin,Sven Jablonski,Match Report,
13,Sat,2019-11-30,15:30 (08:30),Paderborn 07,1.8,2–3,2.1,RB Leipzig,13253,Benteler-Arena,Bibiana Steinhaus,Match Report,
13,Sat,2019-11-30,15:30 (08:30),Köln,1.4,1–1,1.9,Augsburg,49200,RheinEnergieSTADION,Tobias Stieler,Match Report,
13,Sat,2019-11-30,18:30 (11:30),Bayern Munich,2.4,1–2,1.1,Bayer,75000,Allianz Arena,Guido Winkmann,Match Report,
13,Sun,2019-12-01,15:30 (08:30),M'gladbach,4.8,4–2,1.5,Freiburg,51080,Stadion im Borussia-Park,Felix Zwayer,Match Report,
13,Sun,2019-12-01,18:00 (11:00),Wolfsburg,2.2,2–3,1.4,Werder Bremen,26012,Volkswagen Arena,Robert Kampka,Match Report,
13,Mon,2019-12-02,20:30 (13:30),Mainz 05,2.0,2–1,1.0,Eint Frankfurt,33134,Opel Arena,Manuel Gräfe,Match Report,
,,,,,,,,,,,,,
14,Fri,2019-12-06,20:30 (13:30),Eint Frankfurt,2.8,2–2,1.2,Hertha BSC,50000,Commerzbank-Arena,Christian Dingert,Match Report,
14,Sat,2019-12-07,15:30 (08:30),M'gladbach,1.3,2–1,1.7,Bayern Munich,54022,Stadion im Borussia-Park,Marco Fritz,Match Report,
14,Sat,2019-12-07,15:30 (08:30),Dortmund,3.2,5–0,0.1,Düsseldorf,81365,Signal Iduna Park,Daniel Siebert,Match Report,
14,Sat,2019-12-07,15:30 (08:30),Freiburg,0.5,1–0,1.2,Wolfsburg,23800,Schwarzwald-Stadion,Bastian Dankert,Match Report,
14,Sat,2019-12-07,15:30 (08:30),Augsburg,3.3,2–1,0.5,Mainz 05,26950,WWK Arena,Markus Schmidt,Match Report,
14,Sat,2019-12-07,15:30 (08:30),RB Leipzig,3.7,3–1,1.4,Hoffenheim,38407,Red Bull Arena,Deniz Aytekin,Match Report,
14,Sat,2019-12-07,18:30 (11:30),Bayer,2.2,2–1,1.2,Schalke 04,30210,BayArena,Harm Osmers,Match Report,
14,Sun,2019-12-08,15:30 (08:30),Union Berlin,1.9,2–0,1.1,Köln,22012,Stadion An der Alten Försterei,Patrick Ittrich,Match Report,
14,Sun,2019-12-08,18:00 (11:00),Werder Bremen,0.9,0–1,1.2,Paderborn 07,39870,Weserstadion,Sascha Stegemann,Match Report,
,,,,,,,,,,,,,
15,Fri,2019-12-13,20:30 (13:30),Hoffenheim,2.1,2–4,2.2,Augsburg,23309,PreZero Arena,Bibiana Steinhaus,Match Report,
15,Sat,2019-12-14,15:30 (08:30),Mainz 05,0.2,0–4,1.3,Dortmund,33305,Opel Arena,Benjamin Cortus,Match Report,
15,Sat,2019-12-14,15:30 (08:30),Bayern Munich,5.0,6–1,0.5,Werder Bremen,75000,Allianz Arena,Robert Schröder,Match Report,
15,Sat,2019-12-14,15:30 (08:30),Paderborn 07,1.0,1–1,1.4,Union Berlin,14414,Benteler-Arena,Sven Jablonski,Match Report,
15,Sat,2019-12-14,15:30 (08:30),Köln,1.6,2–0,0.2,Bayer,49500,RheinEnergieSTADION,Manuel Gräfe,Match Report,
15,Sat,2019-12-14,15:30 (08:30),Hertha BSC,0.7,1–0,0.9,Freiburg,37343,Olympiastadion Berlin,Frank Willenborg,Match Report,
15,Sat,2019-12-14,18:30 (11:30),Düsseldorf,0.2,0–3,3.4,RB Leipzig,35387,Merkur Spielarena,Robert Hartmann,Match Report,
15,Sun,2019-12-15,15:30 (08:30),Wolfsburg,1.2,2–1,0.4,M'gladbach,25580,Volkswagen Arena,Felix Brych,Match Report,
15,Sun,2019-12-15,18:00 (11:00),Schalke 04,1.1,1–0,0.8,Eint Frankfurt,60811,Veltins-Arena,Felix Zwayer,Match Report,
,,,,,,,,,,,,,
16,Tue,2019-12-17,18:30 (11:30),Werder Bremen,1.0,0–5,2.9,Mainz 05,37720,Weserstadion,Frank Willenborg,Match Report,
16,Tue,2019-12-17,20:30 (13:30),Augsburg,1.3,3–0,0.5,Düsseldorf,27763,WWK Arena,Marco Fritz,Match Report,
16,Tue,2019-12-17,20:30 (13:30),Union Berlin,1.4,0–2,0.8,Hoffenheim,20350,Stadion An der Alten Försterei,Sören Storks,Match Report,
16,Tue,2019-12-17,20:30 (13:30),Dortmund,1.2,3–3,2.6,RB Leipzig,80200,Signal Iduna Park,Tobias Stieler,Match Report,
16,Wed,2019-12-18,18:30 (11:30),Bayer,1.0,0–1,1.4,Hertha BSC,24472,BayArena,Bastian Dankert,Match Report,
16,Wed,2019-12-18,20:30 (13:30),Wolfsburg,2.4,1–1,1.2,Schalke 04,24651,Volkswagen Arena,Martin Petersen,Match Report,
16,Wed,2019-12-18,20:30 (13:30),Eint Frankfurt,1.3,2–4,2.5,Köln,50300,Commerzbank-Arena,Deniz Aytekin,Match Report,
16,Wed,2019-12-18,20:30 (13:30),M'gladbach,2.8,2–0,0.6,Paderborn 07,44494,Stadion im Borussia-Park,Robert Kampka,Match Report,
16,Wed,2019-12-18,20:30 (13:30),Freiburg,1.6,1–3,3.4,Bayern Munich,24000,Schwarzwald-Stadion,Sascha Stegemann,Match Report,
,,,,,,,,,,,,,
17,Fri,2019-12-20,20:30 (13:30),Hoffenheim,1.3,2–1,1.4,Dortmund,30150,PreZero Arena,Felix Zwayer,Match Report,
17,Sat,2019-12-21,15:30 (08:30),RB Leipzig,3.3,3–1,0.4,Augsburg,40562,Red Bull Arena,Daniel Siebert,Match Report,
17,Sat,2019-12-21,15:30 (08:30),Bayern Munich,1.3,2–0,0.9,Wolfsburg,75000,Allianz Arena,Christian Dingert,Match Report,
17,Sat,2019-12-21,15:30 (08:30),Mainz 05,1.9,0–1,1.5,Bayer,24345,Opel Arena,Patrick Ittrich,Match Report,
17,Sat,2019-12-21,15:30 (08:30),Schalke 04,1.6,2–2,2.8,Freiburg,61867,Veltins-Arena,Felix Brych,Match Report,
17,Sat,2019-12-21,15:30 (08:30),Köln,1.1,1–0,0.2,Werder Bremen,50000,RheinEnergieSTADION,Daniel Schlager,Match Report,
17,Sat,2019-12-21,18:30 (11:30),Hertha BSC,0.6,0–0,0.9,M'gladbach,50208,Olympiastadion Berlin,Harm Osmers,Match Report,
17,Sun,2019-12-22,15:30 (08:30),Düsseldorf,1.1,2–1,2.0,Union Berlin,45490,Merkur Spielarena,Benjamin Cortus,Match Report,
17,Sun,2019-12-22,18:00 (11:00),Paderborn 07,3.0,2–1,2.1,Eint Frankfurt,15000,Benteler-Arena,Markus Schmidt,Match Report,
,,,,,,,,,,,,,
18,Fri,2020-01-17,20:30 (13:30),Schalke 04,,,,M'gladbach,,Veltins-Arena,,,
18,Sat,2020-01-18,15:30 (08:30),Düsseldorf,,,,Werder Bremen,,Merkur Spielarena,,,
18,Sat,2020-01-18,15:30 (08:30),Augsburg,,,,Dortmund,,WWK Arena,,,
18,Sat,2020-01-18,15:30 (08:30),Mainz 05,,,,Freiburg,,Opel Arena,,,
18,Sat,2020-01-18,15:30 (08:30),Hoffenheim,,,,Eint Frankfurt,,PreZero Arena,,,
18,Sat,2020-01-18,15:30 (08:30),Köln,,,,Wolfsburg,,RheinEnergieSTADION,,,
18,Sat,2020-01-18,18:30 (11:30),RB Leipzig,,,,Union Berlin,,Red Bull Arena,,,
18,Sun,2020-01-19,15:30 (08:30),Hertha BSC,,,,Bayern Munich,,Olympiastadion Berlin,,,
18,Sun,2020-01-19,18:00 (11:00),Paderborn 07,,,,Bayer,,Benteler-Arena,,,
,,,,,,,,,,,,,
19,Fri,2020-01-24,20:30 (13:30),Dortmund,,,,Köln,,Signal Iduna Park,,,
19,Sat,2020-01-25,15:30 (08:30),M'gladbach,,,,Mainz 05,,Stadion im Borussia-Park,,,
19,Sat,2020-01-25,15:30 (08:30),Eint Frankfurt,,,,RB Leipzig,,Commerzbank-Arena,,,
19,Sat,2020-01-25,15:30 (08:30),Freiburg,,,,Paderborn 07,,Schwarzwald-Stadion,,,
19,Sat,2020-01-25,15:30 (08:30),Wolfsburg,,,,Hertha BSC,,Volkswagen Arena,,,
19,Sat,2020-01-25,15:30 (08:30),Union Berlin,,,,Augsburg,,Stadion An der Alten Försterei,,,
19,Sat,2020-01-25,18:30 (11:30),Bayern Munich,,,,Schalke 04,,Allianz Arena,,,
19,Sun,2020-01-26,15:30 (08:30),Werder Bremen,,,,Hoffenheim,,Weserstadion,,,
19,Sun,2020-01-26,18:00 (11:00),Bayer,,,,Düsseldorf,,BayArena,,,
,,,,,,,,,,,,,
20,Fri,2020-01-31,20:30 (13:30),Hertha BSC,,,,Schalke 04,,Olympiastadion Berlin,,,
20,Sat,2020-02-01,15:30 (08:30),Hoffenheim,,,,Bayer,,PreZero Arena,,,
20,Sat,2020-02-01,15:30 (08:30),Augsburg,,,,Werder Bremen,,WWK Arena,,,
20,Sat,2020-02-01,15:30 (08:30),Düsseldorf,,,,Eint Frankfurt,,Merkur Spielarena,,,
20,Sat,2020-02-01,15:30 (08:30),Mainz 05,,,,Bayern Munich,,Opel Arena,,,
20,Sat,2020-02-01,15:30 (08:30),Dortmund,,,,Union Berlin,,Signal Iduna Park,,,
20,Sat,2020-02-01,18:30 (11:30),RB Leipzig,,,,M'gladbach,,Red Bull Arena,,,
20,Sun,2020-02-02,15:30 (08:30),Köln,,,,Freiburg,,RheinEnergieSTADION,,,
20,Sun,2020-02-02,18:00 (11:00),Paderborn 07,,,,Wolfsburg,,Benteler-Arena,,,
,,,,,,,,,,,,,
21,Fri,2020-02-07,20:30 (13:30),Eint Frankfurt,,,,Augsburg,,Commerzbank-Arena,,,
21,Sat,2020-02-08,15:30 (08:30),Werder Bremen,,,,Union Berlin,,Weserstadion,,,
21,Sat,2020-02-08,15:30 (08:30),Schalke 04,,,,Paderborn 07,,Veltins-Arena,,,
21,Sat,2020-02-08,15:30 (08:30),Hertha BSC,,,,Mainz 05,,Olympiastadion Berlin,,,
21,Sat,2020-02-08,15:30 (08:30),Freiburg,,,,Hoffenheim,,Schwarzwald-Stadion,,,
21,Sat,2020-02-08,15:30 (08:30),Wolfsburg,,,,Düsseldorf,,Volkswagen Arena,,,
21,Sat,2020-02-08,18:30 (11:30),Bayer,,,,Dortmund,,BayArena,,,
21,Sun,2020-02-09,15:30 (08:30),M'gladbach,,,,Köln,,Stadion im Borussia-Park,,,
21,Sun,2020-02-09,18:00 (11:00),Bayern Munich,,,,RB Leipzig,,Allianz Arena,,,
,,,,,,,,,,,,,
22,Fri,2020-02-14,20:30 (13:30),Dortmund,,,,Eint Frankfurt,,Signal Iduna Park,,,
22,Sat,2020-02-15,15:30 (08:30),Union Berlin,,,,Bayer,,Stadion An der Alten Försterei,,,
22,Sat,2020-02-15,15:30 (08:30),Augsburg,,,,Freiburg,,WWK Arena,,,
22,Sat,2020-02-15,15:30 (08:30),RB Leipzig,,,,Werder Bremen,,Red Bull Arena,,,
22,Sat,2020-02-15,15:30 (08:30),Paderborn 07,,,,Hertha BSC,,Benteler-Arena,,,
22,Sat,2020-02-15,15:30 (08:30),Hoffenheim,,,,Wolfsburg,,PreZero Arena,,,
22,Sat,2020-02-15,18:30 (11:30),Düsseldorf,,,,M'gladbach,,Merkur Spielarena,,,
22,Sun,2020-02-16,15:30 (08:30),Köln,,,,Bayern Munich,,RheinEnergieSTADION,,,
22,Sun,2020-02-16,18:00 (11:00),Mainz 05,,,,Schalke 04,,Opel Arena,,,
,,,,,,,,,,,,,
23,Fri,2020-02-21,20:30 (13:30),Bayern Munich,,,,Paderborn 07,,Allianz Arena,,,
23,Sat,2020-02-22,15:30 (08:30),M'gladbach,,,,Hoffenheim,,Stadion im Borussia-Park,,,
23,Sat,2020-02-22,15:30 (08:30),Hertha BSC,,,,Köln,,Olympiastadion Berlin,,,
23,Sat,2020-02-22,15:30 (08:30),Werder Bremen,,,,Dortmund,,Weserstadion,,,
23,Sat,2020-02-22,15:30 (08:30),Freiburg,,,,Düsseldorf,,Schwarzwald-Stadion,,,
23,Sat,2020-02-22,18:30 (11:30),Schalke 04,,,,RB Leipzig,,Veltins-Arena,,,
23,Sun,2020-02-23,15:30 (08:30),Bayer,,,,Augsburg,,BayArena,,,
23,Sun,2020-02-23,18:00 (11:00),Wolfsburg,,,,Mainz 05,,Volkswagen Arena,,,
23,Mon,2020-02-24,20:30 (13:30),Eint Frankfurt,,,,Union Berlin,,Commerzbank-Arena,,,
,,,,,,,,,,,,,
24,Fri,2020-02-28,20:30 (13:30),Düsseldorf,,,,Hertha BSC,,Merkur Spielarena,,,
24,Sat,2020-02-29,15:30 (08:30),Dortmund,,,,Freiburg,,Signal Iduna Park,,,
24,Sat,2020-02-29,15:30 (08:30),Mainz 05,,,,Paderborn 07,,Opel Arena,,,
24,Sat,2020-02-29,15:30 (08:30),Hoffenheim,,,,Bayern Munich,,PreZero Arena,,,
24,Sat,2020-02-29,15:30 (08:30),Augsburg,,,,M'gladbach,,WWK Arena,,,
24,Sat,2020-02-29,18:30 (11:30),Köln,,,,Schalke 04,,RheinEnergieSTADION,,,
24,Sun,2020-03-01,13:30 (06:30),Union Berlin,,,,Wolfsburg,,Stadion An der Alten Försterei,,,
24,Sun,2020-03-01,15:30 (08:30),RB Leipzig,,,,Bayer,,Red Bull Arena,,,
24,Sun,2020-03-01,18:00 (11:00),Werder Bremen,,,,Eint Frankfurt,,Weserstadion,,,
,,,,,,,,,,,,,
25,Fri,2020-03-06,20:00 (13:00),Paderborn 07,,,,Köln,,Benteler-Arena,,,
25,Sat,2020-03-07,15:30 (08:30),Hertha BSC,,,,Werder Bremen,,Olympiastadion Berlin,,,
25,Sat,2020-03-07,15:30 (08:30),Bayer,,,,Eint Frankfurt,,BayArena,,,
25,Sat,2020-03-07,15:30 (08:30),Schalke 04,,,,Hoffenheim,,Veltins-Arena,,,
25,Sat,2020-03-07,15:30 (08:30),Freiburg,,,,Union Berlin,,Schwarzwald-Stadion,,,
25,Sat,2020-03-07,15:30 (08:30),Wolfsburg,,,,RB Leipzig,,Volkswagen Arena,,,
25,Sat,2020-03-07,18:30 (11:30),M'gladbach,,,,Dortmund,,Stadion im Borussia-Park,,,
25,Sun,2020-03-08,15:30 (09:30),Bayern Munich,,,,Augsburg,,Allianz Arena,,,
25,Sun,2020-03-08,18:00 (12:00),Mainz 05,,,,Düsseldorf,,Opel Arena,,,
,,,,,,,,,,,,,
26,Fri,2020-03-13,20:30 (14:30),Düsseldorf,,,,Paderborn 07,,Merkur Spielarena,,,
26,Sat,2020-03-14,15:30 (09:30),Dortmund,,,,Schalke 04,,Signal Iduna Park,,,
26,Sat,2020-03-14,15:30 (09:30),Köln,,,,Mainz 05,,RheinEnergieSTADION,,,
26,Sat,2020-03-14,15:30 (09:30),Hoffenheim,,,,Hertha BSC,,PreZero Arena,,,
26,Sat,2020-03-14,15:30 (09:30),RB Leipzig,,,,Freiburg,,Red Bull Arena,,,
26,Sat,2020-03-14,18:30 (12:30),Union Berlin,,,,Bayern Munich,,Stadion An der Alten Försterei,,,
26,Sun,2020-03-15,15:30 (09:30),Eint Frankfurt,,,,M'gladbach,,Commerzbank-Arena,,,
26,Sun,2020-03-15,18:00 (12:00),Augsburg,,,,Wolfsburg,,WWK Arena,,,
26,Mon,2020-03-16,20:30 (14:30),Werder Bremen,,,,Bayer,,Weserstadion,,,
,,,,,,,,,,,,,
27,Fri,2020-03-20,20:30 (14:30),Mainz 05,,,,RB Leipzig,,Opel Arena,,,
27,Sat,2020-03-21,15:30 (09:30),Schalke 04,,,,Augsburg,,Veltins-Arena,,,
27,Sat,2020-03-21,15:30 (09:30),Köln,,,,Düsseldorf,,RheinEnergieSTADION,,,
27,Sat,2020-03-21,15:30 (09:30),Freiburg,,,,Werder Bremen,,Schwarzwald-Stadion,,,
27,Sat,2020-03-21,15:30 (09:30),Paderborn 07,,,,Hoffenheim,,Benteler-Arena,,,
27,Sat,2020-03-21,18:30 (12:30),Hertha BSC,,,,Union Berlin,,Olympiastadion Berlin,,,
27,Sun,2020-03-22,13:30 (07:30),M'gladbach,,,,Bayer,,Stadion im Borussia-Park,,,
27,Sun,2020-03-22,15:30 (09:30),Bayern Munich,,,,Eint Frankfurt,,Allianz Arena,,,
27,Sun,2020-03-22,18:00 (12:00),Wolfsburg,,,,Dortmund,,Volkswagen Arena,,,
,,,,,,,,,,,,,
28,Fri,2020-04-03,20:30 (13:30),Werder Bremen,,,,M'gladbach,,Weserstadion,,,
28,Sat,2020-04-04,15:30 (08:30),Union Berlin,,,,Mainz 05,,Stadion An der Alten Försterei,,,
28,Sat,2020-04-04,15:30 (08:30),Hoffenheim,,,,Köln,,PreZero Arena,,,
28,Sat,2020-04-04,15:30 (08:30),Bayer,,,,Wolfsburg,,BayArena,,,
28,Sat,2020-04-04,15:30 (08:30),Augsburg,,,,Paderborn 07,,WWK Arena,,,
28,Sat,2020-04-04,15:30 (08:30),RB Leipzig,,,,Hertha BSC,,Red Bull Arena,,,
28,Sat,2020-04-04,18:30 (11:30),Dortmund,,,,Bayern Munich,,Signal Iduna Park,,,
28,Sun,2020-04-05,15:30 (08:30),Eint Frankfurt,,,,Freiburg,,Commerzbank-Arena,,,
28,Sun,2020-04-05,18:00 (11:00),Düsseldorf,,,,Schalke 04,,Merkur Spielarena,,,
,,,,,,,,,,,,,
29,Sat,2020-04-11,,Paderborn 07,,,,Dortmund,,Benteler-Arena,,,
29,Sat,2020-04-11,,Wolfsburg,,,,Eint Frankfurt,,Volkswagen Arena,,,
29,Sat,2020-04-11,,Freiburg,,,,Bayer,,Schwarzwald-Stadion,,,
29,Sat,2020-04-11,,Hertha BSC,,,,Augsburg,,Olympiastadion Berlin,,,
29,Sat,2020-04-11,,Bayern Munich,,,,Düsseldorf,,Allianz Arena,,,
29,Sat,2020-04-11,,M'gladbach,,,,Union Berlin,,Stadion im Borussia-Park,,,
29,Sat,2020-04-11,,Schalke 04,,,,Werder Bremen,,Veltins-Arena,,,
29,Sat,2020-04-11,,Köln,,,,RB Leipzig,,RheinEnergieSTADION,,,
29,Sat,2020-04-11,,Mainz 05,,,,Hoffenheim,,Opel Arena,,,
,,,,,,,,,,,,,
30,Sat,2020-04-18,,RB Leipzig,,,,Paderborn 07,,Red Bull Arena,,,
30,Sat,2020-04-18,,Bayer,,,,Bayern Munich,,BayArena,,,
30,Sat,2020-04-18,,Düsseldorf,,,,Hoffenheim,,Merkur Spielarena,,,
30,Sat,2020-04-18,,Union Berlin,,,,Schalke 04,,Stadion An der Alten Försterei,,,
30,Sat,2020-04-18,,Dortmund,,,,Hertha BSC,,Signal Iduna Park,,,
30,Sat,2020-04-18,,Freiburg,,,,M'gladbach,,Schwarzwald-Stadion,,,
30,Sat,2020-04-18,,Augsburg,,,,Köln,,WWK Arena,,,
30,Sat,2020-04-18,,Werder Bremen,,,,Wolfsburg,,Weserstadion,,,
30,Sat,2020-04-18,,Eint Frankfurt,,,,Mainz 05,,Commerzbank-Arena,,,
,,,,,,,,,,,,,
31,Sat,2020-04-25,,Schalke 04,,,,Bayer,,Veltins-Arena,,,
31,Sat,2020-04-25,,Paderborn 07,,,,Werder Bremen,,Benteler-Arena,,,
31,Sat,2020-04-25,,Köln,,,,Union Berlin,,RheinEnergieSTADION,,,
31,Sat,2020-04-25,,Mainz 05,,,,Augsburg,,Opel Arena,,,
31,Sat,2020-04-25,,Wolfsburg,,,,Freiburg,,Volkswagen Arena,,,
31,Sat,2020-04-25,,Hertha BSC,,,,Eint Frankfurt,,Olympiastadion Berlin,,,
31,Sat,2020-04-25,,Hoffenheim,,,,RB Leipzig,,PreZero Arena,,,
31,Sat,2020-04-25,,Düsseldorf,,,,Dortmund,,Merkur Spielarena,,,
31,Sat,2020-04-25,,Bayern Munich,,,,M'gladbach,,Allianz Arena,,,
,,,,,,,,,,,,,
32,Sat,2020-05-02,,Eint Frankfurt,,,,Schalke 04,,Commerzbank-Arena,,,
32,Sat,2020-05-02,,Union Berlin,,,,Paderborn 07,,Stadion An der Alten Försterei,,,
32,Sat,2020-05-02,,Freiburg,,,,Hertha BSC,,Schwarzwald-Stadion,,,
32,Sat,2020-05-02,,M'gladbach,,,,Wolfsburg,,Stadion im Borussia-Park,,,
32,Sat,2020-05-02,,Augsburg,,,,Hoffenheim,,WWK Arena,,,
32,Sat,2020-05-02,,RB Leipzig,,,,Düsseldorf,,Red Bull Arena,,,
32,Sat,2020-05-02,,Bayer,,,,Köln,,BayArena,,,
32,Sat,2020-05-02,,Dortmund,,,,Mainz 05,,Signal Iduna Park,,,
32,Sat,2020-05-02,,Werder Bremen,,,,Bayern Munich,,Weserstadion,,,
,,,,,,,,,,,,,
33,Sat,2020-05-09,,RB Leipzig,,,,Dortmund,,Red Bull Arena,,,
33,Sat,2020-05-09,,Hoffenheim,,,,Union Berlin,,PreZero Arena,,,
33,Sat,2020-05-09,,Hertha BSC,,,,Bayer,,Olympiastadion Berlin,,,
33,Sat,2020-05-09,,Schalke 04,,,,Wolfsburg,,Veltins-Arena,,,
33,Sat,2020-05-09,,Paderborn 07,,,,M'gladbach,,Benteler-Arena,,,
33,Sat,2020-05-09,,Mainz 05,,,,Werder Bremen,,Opel Arena,,,
33,Sat,2020-05-09,,Düsseldorf,,,,Augsburg,,Merkur Spielarena,,,
33,Sat,2020-05-09,,Bayern Munich,,,,Freiburg,,Allianz Arena,,,
33,Sat,2020-05-09,,Köln,,,,Eint Frankfurt,,RheinEnergieSTADION,,,
,,,,,,,,,,,,,
34,Sat,2020-05-16,,Bayer,,,,Mainz 05,,BayArena,,,
34,Sat,2020-05-16,,M'gladbach,,,,Hertha BSC,,Stadion im Borussia-Park,,,
34,Sat,2020-05-16,,Eint Frankfurt,,,,Paderborn 07,,Commerzbank-Arena,,,
34,Sat,2020-05-16,,Augsburg,,,,RB Leipzig,,WWK Arena,,,
34,Sat,2020-05-16,,Freiburg,,,,Schalke 04,,Schwarzwald-Stadion,,,
34,Sat,2020-05-16,,Dortmund,,,,Hoffenheim,,Signal Iduna Park,,,
34,Sat,2020-05-16,,Union Berlin,,,,Düsseldorf,,Stadion An der Alten Försterei,,,
34,Sat,2020-05-16,,Werder Bremen,,,,Köln,,Weserstadion,,,
34,Sat,2020-05-16,,Wolfsburg,,,,Bayern Munich,,Volkswagen Arena,,,
