Wk,Day,Date,Time,Home,Score,Away,Attendance,Venue,Referee,Match Report,Notes
1,Fri,2019-08-02,19:45 (13:45),Luton Town,3–3,Middlesbrough,10053,Kenilworth Road Stadium,Oliver Langford,Match Report,
1,Sat,2019-08-03,15:00 (09:00),Barnsley,1–0,Fulham,14823,Oakwell Stadium,Andrew Davies,Match Report,
1,Sat,2019-08-03,15:00 (09:00),Blackburn,1–2,Charlton Ath,14184,Ewood Park,Andy Woolmer,Match Report,
1,Sat,2019-08-03,15:00 (09:00),Reading,1–3,Sheffield Weds,16319,Madejski Stadium,James Linington,Match Report,
1,Sat,2019-08-03,15:00 (09:00),Brentford,0–1,Birmingham City,11332,Griffin Park,Gavin Ward,Match Report,
1,Sat,2019-08-03,15:00 (09:00),Millwall,1–0,Preston,14923,The Den,Steve Martin,Match Report,
1,Sat,2019-08-03,15:00 (09:00),Stoke City,1–2,QPR,24004,Bet365 Stadium,Darren Bond,Match Report,
1,Sat,2019-08-03,15:00 (09:00),Swansea City,2–1,Hull City,15741,Liberty Stadium,John Brooks,Match Report,
1,Sat,2019-08-03,15:00 (09:00),Wigan Athletic,3–2,Cardiff City,12169,The DW Stadium,David Webb,Match Report,
1,Sat,2019-08-03,17:30 (11:30),Nott'ham Forest,1–2,West Brom,27592,The City Ground,Darren England,Match Report,
1,Sun,2019-08-04,16:30 (10:30),Bristol City,1–3,Leeds United,23553,Ashton Gate Stadium,Tim Robinson,Match Report,
1,Mon,2019-08-05,19:45 (13:45),Huddersfield,1–2,Derby County,22596,The John Smith's Stadium,Geoff Eltringham,Match Report,
,,,,,,,,,,,
2,Sat,2019-08-10,12:30 (06:30),Leeds United,1–1,Nott'ham Forest,35453,Elland Road,Robert Jones,Match Report,
2,Sat,2019-08-10,15:00 (09:00),West Brom,1–1,Millwall,24305,The Hawthorns,David Webb,Match Report,
2,Sat,2019-08-10,15:00 (09:00),Sheffield Weds,2–0,Barnsley,28028,Hillsborough Stadium,Tony Harrington,Match Report,
2,Sat,2019-08-10,15:00 (09:00),Cardiff City,2–1,Luton Town,24724,Cardiff City Stadium,Darren Bond,Match Report,
2,Sat,2019-08-10,15:00 (09:00),Charlton Ath,3–1,Stoke City,17848,The Valley,Simon Hooper,Match Report,
2,Sat,2019-08-10,15:00 (09:00),Hull City,2–1,Reading,10673,Kingston Communications Stadium,Matt Donohue,Match Report,
2,Sat,2019-08-10,15:00 (09:00),Preston,3–0,Wigan Athletic,14789,Deepdale Stadium,Jeremy Simpson,Match Report,
2,Sat,2019-08-10,15:00 (09:00),Middlesbrough,0–1,Brentford,21911,Riverside Stadium,Steve Martin,Match Report,
2,Sat,2019-08-10,15:00 (09:00),Birmingham City,1–1,Bristol City,21808,St Andrew's Trillion Trophy Stadium,Oliver Langford,Match Report,
2,Sat,2019-08-10,15:00 (09:00),QPR,1–1,Huddersfield,14377,Kiyan Prince Foundation Stadium,Dean Whitestone,Match Report,
2,Sat,2019-08-10,15:00 (09:00),Fulham,2–0,Blackburn,17987,Craven Cottage,Keith Stroud,Match Report,
2,Sat,2019-08-10,15:00 (09:00),Derby County,0–0,Swansea City,27337,iPro Stadium,Jarred Gillett,Match Report,
,,,,,,,,,,,
3,Fri,2019-08-16,19:45 (13:45),Huddersfield,1–2,Fulham,20775,The John Smith's Stadium,James Linington,Match Report,
3,Sat,2019-08-17,15:00 (09:00),Swansea City,3–2,Preston,15250,Liberty Stadium,Dean Whitestone,Match Report,
3,Sat,2019-08-17,15:00 (09:00),Wigan Athletic,0–2,Leeds United,14819,The DW Stadium,Andy Madley,Match Report,
3,Sat,2019-08-17,15:00 (09:00),Brentford,1–1,Hull City,11000,Griffin Park,Darren England,Match Report,
3,Sat,2019-08-17,15:00 (09:00),Stoke City,2–2,Derby County,23863,Bet365 Stadium,Tim Robinson,Match Report,
3,Sat,2019-08-17,15:00 (09:00),Blackburn,1–0,Middlesbrough,14012,Ewood Park,Jarred Gillett,Match Report,
3,Sat,2019-08-17,15:00 (09:00),Barnsley,2–2,Charlton Ath,13006,Oakwell Stadium,Matt Donohue,Match Report,
3,Sat,2019-08-17,15:00 (09:00),Luton Town,1–2,West Brom,10059,Kenilworth Road Stadium,Andy Woolmer,Match Report,
3,Sat,2019-08-17,15:00 (09:00),Nott'ham Forest,3–0,Birmingham City,27281,The City Ground,Tony Harrington,Match Report,
3,Sat,2019-08-17,15:00 (09:00),Bristol City,2–0,QPR,21654,Ashton Gate Stadium,Robert Jones,Match Report,
3,Sat,2019-08-17,15:00 (09:00),Millwall,1–0,Sheffield Weds,15017,The Den,Gavin Ward,Match Report,
3,Sun,2019-08-18,12:00 (06:00),Reading,3–0,Cardiff City,14252,Madejski Stadium,Andrew Davies,Match Report,
,,,,,,,,,,,
4,Tue,2019-08-20,19:45 (13:45),Hull City,0–1,Blackburn,10240,Kingston Communications Stadium,Jeremy Simpson,Match Report,
4,Tue,2019-08-20,19:45 (13:45),Birmingham City,2–0,Barnsley,20061,St Andrew's Trillion Trophy Stadium,Geoff Eltringham,Match Report,
4,Tue,2019-08-20,19:45 (13:45),Sheffield Weds,1–0,Luton Town,23353,Hillsborough Stadium,David Webb,Match Report,
4,Tue,2019-08-20,19:45 (13:45),Derby County,1–2,Bristol City,25546,iPro Stadium,Steve Martin,Match Report,
4,Tue,2019-08-20,19:45 (13:45),Middlesbrough,1–0,Wigan Athletic,18649,Riverside Stadium,Keith Stroud,Match Report,
4,Wed,2019-08-21,19:45 (13:45),Leeds United,1–0,Brentford,35004,Elland Road,Andrew Davies,Match Report,
4,Wed,2019-08-21,19:45 (13:45),Fulham,4–0,Millwall,17066,Craven Cottage,Darren Bond,Match Report,
4,Wed,2019-08-21,19:45 (13:45),Preston,3–1,Stoke City,11973,Deepdale Stadium,John Brooks,Match Report,
4,Wed,2019-08-21,19:45 (13:45),Cardiff City,2–1,Huddersfield,21821,Cardiff City Stadium,Jarred Gillett,Match Report,
4,Wed,2019-08-21,19:45 (13:45),Charlton Ath,1–1,Nott'ham Forest,17204,The Valley,Oliver Langford,Match Report,
4,Wed,2019-08-21,19:45 (13:45),QPR,1–3,Swansea City,12287,Kiyan Prince Foundation Stadium,Paul Tierney,Match Report,
4,Wed,2019-08-21,20:00 (14:00),West Brom,1–1,Reading,21803,The Hawthorns,Peter Bankes,Match Report,
,,,,,,,,,,,
5,Sat,2019-08-24,12:30 (06:30),Derby County,1–1,West Brom,26718,iPro Stadium,Gavin Ward,Match Report,
5,Sat,2019-08-24,15:00 (09:00),Huddersfield,0–2,Reading,21847,The John Smith's Stadium,Tony Harrington,Match Report,
5,Sat,2019-08-24,15:00 (09:00),QPR,3–1,Wigan Athletic,11921,Kiyan Prince Foundation Stadium,Matt Donohue,Match Report,
5,Sat,2019-08-24,15:00 (09:00),Blackburn,0–0,Cardiff City,13291,Ewood Park,David Coote,Match Report,
5,Sat,2019-08-24,15:00 (09:00),Middlesbrough,1–1,Millwall,19279,Riverside Stadium,John Brooks,Match Report,
5,Sat,2019-08-24,15:00 (09:00),Barnsley,1–3,Luton Town,13250,Oakwell Stadium,Steve Martin,Match Report,
5,Sat,2019-08-24,15:00 (09:00),Fulham,1–2,Nott'ham Forest,18186,Craven Cottage,Peter Bankes,Match Report,
5,Sat,2019-08-24,15:00 (09:00),Hull City,1–3,Bristol City,10458,Kingston Communications Stadium,Dean Whitestone,Match Report,
5,Sat,2019-08-24,15:00 (09:00),Preston,2–1,Sheffield Weds,15715,Deepdale Stadium,Robert Jones,Match Report,
5,Sat,2019-08-24,15:00 (09:00),Charlton Ath,1–0,Brentford,16771,The Valley,Tim Robinson,Match Report,
5,Sat,2019-08-24,15:00 (09:00),Stoke City,0–3,Leeds United,24090,Bet365 Stadium,Darren England,Match Report,
5,Sun,2019-08-25,12:00 (06:00),Swansea City,3–0,Birmingham City,17277,Liberty Stadium,Andy Woolmer,Match Report,
,,,,,,,,,,,
6,Fri,2019-08-30,19:45 (13:45),Cardiff City,1–1,Fulham,22631,Cardiff City Stadium,Tim Robinson,Match Report,
6,Sat,2019-08-31,12:30 (06:30),Bristol City,2–2,Middlesbrough,20757,Ashton Gate Stadium,Lee Mason,Match Report,
6,Sat,2019-08-31,15:00 (09:00),Millwall,1–1,Hull City,12495,The Den,Oliver Langford,Match Report,
6,Sat,2019-08-31,15:00 (09:00),Wigan Athletic,0–0,Barnsley,10214,The DW Stadium,Andy Woolmer,Match Report,
6,Sat,2019-08-31,15:00 (09:00),Luton Town,2–1,Huddersfield,10062,Kenilworth Road Stadium,Andrew Davies,Match Report,
6,Sat,2019-08-31,15:00 (09:00),Birmingham City,2–1,Stoke City,20652,St Andrew's Trillion Trophy Stadium,James Linington,Match Report,
6,Sat,2019-08-31,15:00 (09:00),West Brom,3–2,Blackburn,23792,The Hawthorns,Tony Harrington,Match Report,
6,Sat,2019-08-31,15:00 (09:00),Brentford,3–0,Derby County,11055,Griffin Park,David Webb,Match Report,
6,Sat,2019-08-31,15:00 (09:00),Reading,0–2,Charlton Ath,16906,Madejski Stadium,Jarred Gillett,Match Report,
6,Sat,2019-08-31,15:00 (09:00),Sheffield Weds,1–2,QPR,23446,Hillsborough Stadium,John Brooks,Match Report,
6,Sat,2019-08-31,15:00 (09:00),Leeds United,0–1,Swansea City,34935,Elland Road,Darren Bond,Match Report,
6,Sat,2019-08-31,15:00 (09:00),Nott'ham Forest,1–1,Preston,27249,The City Ground,Geoff Eltringham,Match Report,
,,,,,,,,,,,
7,Fri,2019-09-13,19:45 (13:45),Derby County,1–1,Cardiff City,25873,iPro Stadium,Darren England,Match Report,
7,Sat,2019-09-14,12:30 (06:30),Fulham,1–1,West Brom,17770,Craven Cottage,David Webb,Match Report,
7,Sat,2019-09-14,15:00 (09:00),Preston,2–0,Brentford,12873,Deepdale Stadium,David Coote,Match Report,
7,Sat,2019-09-14,15:00 (09:00),Charlton Ath,0–1,Birmingham City,18752,The Valley,Matt Donohue,Match Report,
7,Sat,2019-09-14,15:00 (09:00),Hull City,2–2,Wigan Athletic,10069,Kingston Communications Stadium,Gavin Ward,Match Report,
7,Sat,2019-09-14,15:00 (09:00),Stoke City,1–2,Bristol City,22357,Bet365 Stadium,Geoff Eltringham,Match Report,
7,Sat,2019-09-14,15:00 (09:00),Blackburn,2–0,Millwall,11873,Ewood Park,Dean Whitestone,Match Report,
7,Sat,2019-09-14,15:00 (09:00),Swansea City,0–1,Nott'ham Forest,17102,Liberty Stadium,James Linington,Match Report,
7,Sat,2019-09-14,15:00 (09:00),QPR,3–2,Luton Town,16186,Kiyan Prince Foundation Stadium,Jeremy Simpson,Match Report,
7,Sat,2019-09-14,15:00 (09:00),Middlesbrough,1–0,Reading,19414,Riverside Stadium,Robert Jones,Match Report,
7,Sun,2019-09-15,12:00 (06:00),Huddersfield,0–2,Sheffield Weds,22754,The John Smith's Stadium,Simon Hooper,Match Report,
7,Sun,2019-09-15,12:30 (06:30),Barnsley,0–2,Leeds United,17598,Oakwell Stadium,Keith Stroud,Match Report,
,,,,,,,,,,,
8,Sat,2019-09-21,12:30 (06:30),Leeds United,1–1,Derby County,34741,Elland Road,Oliver Langford,Match Report,
8,Sat,2019-09-21,15:00 (09:00),Sheffield Weds,1–1,Fulham,23342,Hillsborough Stadium,Geoff Eltringham,Match Report,
8,Sat,2019-09-21,15:00 (09:00),Nott'ham Forest,1–0,Barnsley,29202,The City Ground,Jarred Gillett,Match Report,
8,Sat,2019-09-21,15:00 (09:00),Wigan Athletic,2–0,Charlton Ath,9567,The DW Stadium,Andrew Davies,Match Report,
8,Sat,2019-09-21,15:00 (09:00),Bristol City,0–0,Swansea City,22885,Ashton Gate Stadium,Tony Harrington,Match Report,
8,Sat,2019-09-21,15:00 (09:00),Millwall,1–2,QPR,16808,The Den,Peter Bankes,Match Report,
8,Sat,2019-09-21,15:00 (09:00),Cardiff City,1–0,Middlesbrough,23141,Cardiff City Stadium,Darren Bond,Match Report,
8,Sat,2019-09-21,15:00 (09:00),Brentford,0–0,Stoke City,11870,Griffin Park,Andy Woolmer,Match Report,
8,Sat,2019-09-21,15:00 (09:00),Birmingham City,0–1,Preston,20806,St Andrew's Trillion Trophy Stadium,Steve Martin,Match Report,
8,Sat,2019-09-21,15:00 (09:00),Reading,1–2,Blackburn,16906,Madejski Stadium,Matt Donohue,Match Report,
8,Sat,2019-09-21,15:00 (09:00),Luton Town,0–3,Hull City,10066,Kenilworth Road Stadium,Andy Madley,Match Report,
8,Sun,2019-09-22,12:00 (06:00),West Brom,4–2,Huddersfield,23577,The Hawthorns,Tim Robinson,Match Report,
,,,,,,,,,,,
9,Fri,2019-09-27,19:45 (13:45),Fulham,2–0,Wigan Athletic,18253,Craven Cottage,Dean Whitestone,Match Report,
9,Fri,2019-09-27,20:00 (14:00),Stoke City,2–3,Nott'ham Forest,23800,Bet365 Stadium,Andy Madley,Match Report,
9,Sat,2019-09-28,12:30 (06:30),QPR,0–2,West Brom,13959,Kiyan Prince Foundation Stadium,Geoff Eltringham,Match Report,
9,Sat,2019-09-28,15:00 (09:00),Middlesbrough,1–4,Sheffield Weds,22075,Riverside Stadium,James Linington,Match Report,
9,Sat,2019-09-28,15:00 (09:00),Blackburn,1–2,Luton Town,15319,Ewood Park,Gavin Ward,Match Report,
9,Sat,2019-09-28,15:00 (09:00),Huddersfield,1–1,Millwall,20781,The John Smith's Stadium,Jeremy Simpson,Match Report,
9,Sat,2019-09-28,15:00 (09:00),Preston,3–3,Bristol City,12005,Deepdale Stadium,Andrew Davies,Match Report,
9,Sat,2019-09-28,15:00 (09:00),Swansea City,1–1,Reading,16036,Liberty Stadium,Keith Stroud,Match Report,
9,Sat,2019-09-28,15:00 (09:00),Derby County,3–2,Birmingham City,28454,iPro Stadium,Simon Hooper,Match Report,
9,Sat,2019-09-28,15:00 (09:00),Charlton Ath,1–0,Leeds United,21808,The Valley,John Brooks,Match Report,
9,Sat,2019-09-28,15:00 (09:00),Hull City,2–2,Cardiff City,10756,Kingston Communications Stadium,Jarred Gillett,Match Report,
9,Sun,2019-09-29,13:30 (07:30),Barnsley,1–3,Brentford,12188,Oakwell Stadium,David Webb,Match Report,
,,,,,,,,,,,
10,Tue,2019-10-01,19:45 (13:45),Hull City,1–0,Sheffield Weds,11590,Kingston Communications Stadium,Andrew Davies,Match Report,
10,Tue,2019-10-01,19:45 (13:45),Wigan Athletic,1–0,Birmingham City,9244,The DW Stadium,Tim Robinson,Match Report,
10,Tue,2019-10-01,19:45 (13:45),Leeds United,1–0,West Brom,34648,Elland Road,David Coote,Match Report,
10,Tue,2019-10-01,19:45 (13:45),Blackburn,1–1,Nott'ham Forest,12521,Ewood Park,Steve Martin,Match Report,
10,Tue,2019-10-01,19:45 (13:45),Middlesbrough,1–1,Preston,17961,Riverside Stadium,Darren England,Match Report,
10,Tue,2019-10-01,20:00 (14:00),Reading,1–4,Fulham,13809,Madejski Stadium,Andy Woolmer,Match Report,
10,Tue,2019-10-01,20:00 (14:00),Stoke City,0–1,Huddersfield,20372,Bet365 Stadium,Robert Jones,Match Report,
10,Wed,2019-10-02,19:45 (13:45),Charlton Ath,1–2,Swansea City,15741,The Valley,Peter Bankes,Match Report,
10,Wed,2019-10-02,19:45 (13:45),Cardiff City,3–0,QPR,21387,Cardiff City Stadium,Matt Donohue,Match Report,
10,Wed,2019-10-02,19:45 (13:45),Brentford,1–1,Bristol City,11433,Griffin Park,Oliver Langford,Match Report,
10,Wed,2019-10-02,19:45 (13:45),Luton Town,1–1,Millwall,10049,Kenilworth Road Stadium,Darren Bond,Match Report,
10,Wed,2019-10-02,19:45 (13:45),Barnsley,2–2,Derby County,13634,Oakwell Stadium,Tony Harrington,Match Report,
,,,,,,,,,,,
11,Fri,2019-10-04,19:45 (13:45),Birmingham City,2–1,Middlesbrough,19703,St Andrew's Trillion Trophy Stadium,Jeremy Simpson,Match Report,
11,Sat,2019-10-05,12:30 (06:30),Fulham,2–2,Charlton Ath,18654,Craven Cottage,Keith Stroud,Match Report,
11,Sat,2019-10-05,15:00 (09:00),Millwall,2–1,Leeds United,16311,The Den,James Linington,Match Report,
11,Sat,2019-10-05,15:00 (09:00),West Brom,4–2,Cardiff City,25140,The Hawthorns,John Brooks,Match Report,
11,Sat,2019-10-05,15:00 (09:00),Nott'ham Forest,1–0,Brentford,27598,The City Ground,Dean Whitestone,Match Report,
11,Sat,2019-10-05,15:00 (09:00),Bristol City,1–0,Reading,21419,Ashton Gate Stadium,Steve Martin,Match Report,
11,Sat,2019-10-05,15:00 (09:00),Sheffield Weds,1–0,Wigan Athletic,22753,Hillsborough Stadium,Lee Mason,Match Report,
11,Sat,2019-10-05,15:00 (09:00),Huddersfield,3–0,Hull City,21702,The John Smith's Stadium,David Webb,Match Report,
11,Sat,2019-10-05,15:00 (09:00),Preston,5–1,Barnsley,12431,Deepdale Stadium,Gavin Ward,Match Report,
11,Sat,2019-10-05,15:00 (09:00),Derby County,2–0,Luton Town,27944,iPro Stadium,Geoff Eltringham,Match Report,
11,Sat,2019-10-05,15:00 (09:00),Swansea City,1–2,Stoke City,16612,Liberty Stadium,Oliver Langford,Match Report,
11,Sat,2019-10-05,15:00 (09:00),QPR,4–2,Blackburn,13560,Kiyan Prince Foundation Stadium,Simon Hooper,Match Report,
,,,,,,,,,,,
12,Fri,2019-10-18,19:45 (13:45),Cardiff City,1–1,Sheffield Weds,22486,Cardiff City Stadium,Keith Stroud,Match Report,
12,Sat,2019-10-19,12:30 (06:30),Blackburn,2–2,Huddersfield,13761,Ewood Park,Darren Bond,Match Report,
12,Sat,2019-10-19,15:00 (09:00),Stoke City,2–0,Fulham,23189,Bet365 Stadium,Andrew Davies,Match Report,
12,Sat,2019-10-19,15:00 (09:00),Charlton Ath,3–0,Derby County,19408,The Valley,Steve Martin,Match Report,
12,Sat,2019-10-19,15:00 (09:00),Reading,1–0,Preston,14135,Madejski Stadium,Dean Whitestone,Match Report,
12,Sat,2019-10-19,15:00 (09:00),Luton Town,3–0,Bristol City,10064,Kenilworth Road Stadium,Graham Scott,Match Report,
12,Sat,2019-10-19,15:00 (09:00),Leeds United,1–0,Birmingham City,35731,Elland Road,Robert Jones,Match Report,
12,Sat,2019-10-19,15:00 (09:00),Brentford,3–2,Millwall,10886,Griffin Park,Stuart Attwell,Match Report,
12,Sat,2019-10-19,15:00 (09:00),Barnsley,1–1,Swansea City,12424,Oakwell Stadium,Andy Woolmer,Match Report,
12,Sat,2019-10-19,15:00 (09:00),Hull City,2–3,QPR,10285,Kingston Communications Stadium,Tony Harrington,Match Report,
12,Sat,2019-10-19,15:00 (09:00),Middlesbrough,0–1,West Brom,20174,Riverside Stadium,Oliver Langford,Match Report,
12,Sun,2019-10-20,14:00 (08:00),Wigan Athletic,1–0,Nott'ham Forest,13077,The DW Stadium,Matt Donohue,Match Report,
,,,,,,,,,,,
13,Tue,2019-10-22,19:45 (13:45),Birmingham City,1–0,Blackburn,18561,St Andrew's Trillion Trophy Stadium,Darren England,Match Report,
13,Tue,2019-10-22,19:45 (13:45),Millwall,2–2,Cardiff City,11769,The Den,Tim Robinson,Match Report,
13,Tue,2019-10-22,19:45 (13:45),Sheffield Weds,1–0,Stoke City,22460,Hillsborough Stadium,Andy Madley,Match Report,
13,Tue,2019-10-22,19:45 (13:45),QPR,2–2,Reading,12330,Kiyan Prince Foundation Stadium,Jeremy Simpson,Match Report,
13,Tue,2019-10-22,19:45 (13:45),Swansea City,0–3,Brentford,15875,Liberty Stadium,Gavin Ward,Match Report,
13,Tue,2019-10-22,19:45 (13:45),Preston,1–1,Leeds United,18275,Deepdale Stadium,Kevin Friend,Match Report,
13,Tue,2019-10-22,20:00 (14:00),West Brom,2–2,Barnsley,22086,The Hawthorns,Darren Bond,Match Report,
13,Wed,2019-10-23,19:45 (13:45),Huddersfield,0–0,Middlesbrough,22839,The John Smith's Stadium,Tony Harrington,Match Report,
13,Wed,2019-10-23,19:45 (13:45),Fulham,3–2,Luton Town,18082,Craven Cottage,John Brooks,Match Report,
13,Wed,2019-10-23,19:45 (13:45),Bristol City,2–1,Charlton Ath,20916,Ashton Gate Stadium,James Linington,Match Report,
13,Wed,2019-10-23,19:45 (13:45),Derby County,1–0,Wigan Athletic,24697,iPro Stadium,Keith Stroud,Match Report,
13,Wed,2019-10-23,19:45 (13:45),Nott'ham Forest,1–2,Hull City,27624,The City Ground,Oliver Langford,Match Report,
,,,,,,,,,,,
14,Sat,2019-10-26,12:30 (06:30),Sheffield Weds,0–0,Leeds United,27516,Hillsborough Stadium,Tim Robinson,Match Report,
14,Sat,2019-10-26,15:00 (09:00),West Brom,2–2,Charlton Ath,25356,The Hawthorns,Matt Donohue,Match Report,
14,Sat,2019-10-26,15:00 (09:00),Huddersfield,2–1,Barnsley,22718,The John Smith's Stadium,James Linington,Match Report,
14,Sat,2019-10-26,15:00 (09:00),Birmingham City,2–1,Luton Town,21799,St Andrew's Trillion Trophy Stadium,Dean Whitestone,Match Report,
14,Sat,2019-10-26,15:00 (09:00),Middlesbrough,0–0,Fulham,19101,Riverside Stadium,Peter Bankes,Match Report,
14,Sat,2019-10-26,15:00 (09:00),Millwall,2–0,Stoke City,14008,The Den,Darren England,Match Report,
14,Sat,2019-10-26,15:00 (09:00),Hull City,2–0,Derby County,16326,Kingston Communications Stadium,Simon Hooper,Match Report,
14,Sat,2019-10-26,15:00 (09:00),Preston,3–2,Blackburn,19165,Deepdale Stadium,Steve Martin,Match Report,
14,Sun,2019-10-27,12:00 (07:00),Swansea City,1–0,Cardiff City,20270,Liberty Stadium,Robert Jones,Match Report,
14,Sun,2019-10-27,13:30 (08:30),Bristol City,2–2,Wigan Athletic,22246,Ashton Gate Stadium,John Brooks,Match Report,
14,Mon,2019-10-28,19:45 (14:45),QPR,1–3,Brentford,15562,Kiyan Prince Foundation Stadium,Andy Woolmer,Match Report,
,,,,,,,,,,,
15,Fri,2019-11-01,19:45 (14:45),Barnsley,2–2,Bristol City,12178,Oakwell Stadium,Jarred Gillett,Match Report,
15,Sat,2019-11-02,12:30 (07:30),Wigan Athletic,1–2,Swansea City,9080,The DW Stadium,Peter Bankes,Match Report,
15,Sat,2019-11-02,15:00 (10:00),Derby County,2–0,Middlesbrough,26293,iPro Stadium,Darren Bond,Match Report,
15,Sat,2019-11-02,15:00 (10:00),Fulham,0–3,Hull City,18168,Craven Cottage,Keith Stroud,Match Report,
15,Sat,2019-11-02,15:00 (10:00),Blackburn,2–1,Sheffield Weds,14147,Ewood Park,Andy Woolmer,Match Report,
15,Sat,2019-11-02,15:00 (10:00),Leeds United,2–0,QPR,35284,Elland Road,Geoff Eltringham,Match Report,
15,Sat,2019-11-02,15:00 (10:00),Cardiff City,4–2,Birmingham City,23778,Cardiff City Stadium,Andy Madley,Match Report,
15,Sat,2019-11-02,15:00 (10:00),Reading,2–1,Millwall,14485,Madejski Stadium,Tony Harrington,Match Report,
15,Sat,2019-11-02,15:00 (10:00),Brentford,0–1,Huddersfield,11727,Griffin Park,Robert Jones,Match Report,
15,Sat,2019-11-02,15:00 (10:00),Luton Town,1–2,Nott'ham Forest,10053,Kenilworth Road Stadium,Gavin Ward,Match Report,
15,Sun,2019-11-03,12:00 (06:00),Charlton Ath,0–1,Preston,16027,The Valley,David Webb,Match Report,
15,Mon,2019-11-04,20:00 (14:00),Stoke City,0–2,West Brom,22360,Bet365 Stadium,Tim Robinson,Match Report,
,,,,,,,,,,,
16,Sat,2019-11-09,12:30 (06:30),Nott'ham Forest,1–0,Derby County,29314,The City Ground,Darren England,Match Report,
16,Sat,2019-11-09,15:00 (09:00),Preston,3–1,Huddersfield,16038,Deepdale Stadium,Geoff Eltringham,Match Report,
16,Sat,2019-11-09,15:00 (09:00),Wigan Athletic,0–3,Brentford,9260,The DW Stadium,Andrew Davies,Match Report,
16,Sat,2019-11-09,15:00 (09:00),Hull City,0–1,West Brom,13866,Kingston Communications Stadium,James Linington,Match Report,
16,Sat,2019-11-09,15:00 (09:00),Barnsley,2–4,Stoke City,14891,Oakwell Stadium,Jeremy Simpson,Match Report,
16,Sat,2019-11-09,15:00 (09:00),Reading,3–0,Luton Town,15251,Madejski Stadium,Andy Woolmer,Match Report,
16,Sat,2019-11-09,15:00 (09:00),QPR,2–2,Middlesbrough,14404,Kiyan Prince Foundation Stadium,David Coote,Match Report,
16,Sat,2019-11-09,15:00 (09:00),Millwall,2–1,Charlton Ath,17109,The Den,Robert Jones,Match Report,
16,Sat,2019-11-09,15:00 (09:00),Birmingham City,0–1,Fulham,21334,St Andrew's Trillion Trophy Stadium,Jarred Gillett,Match Report,
16,Sat,2019-11-09,15:00 (09:00),Sheffield Weds,2–2,Swansea City,23073,Hillsborough Stadium,David Webb,Match Report,
16,Sat,2019-11-09,15:00 (09:00),Leeds United,2–1,Blackburn,35567,Elland Road,Gavin Ward,Match Report,
16,Sun,2019-11-10,12:00 (06:00),Cardiff City,0–1,Bristol City,23846,Cardiff City Stadium,Tony Harrington,Match Report,
,,,,,,,,,,,
17,Fri,2019-11-22,19:45 (13:45),Fulham,2–1,QPR,18320,Craven Cottage,James Linington,Match Report,
17,Sat,2019-11-23,12:30 (06:30),Charlton Ath,2–2,Cardiff City,16011,The Valley,Darren Bond,Match Report,
17,Sat,2019-11-23,15:00 (09:00),Bristol City,0–0,Nott'ham Forest,23573,Ashton Gate Stadium,Craig Pawson,Match Report,
17,Sat,2019-11-23,15:00 (09:00),Blackburn,3–2,Barnsley,13781,Ewood Park,Dean Whitestone,Match Report,
17,Sat,2019-11-23,15:00 (09:00),Huddersfield,1–1,Birmingham City,22573,The John Smith's Stadium,Keith Stroud,Match Report,
17,Sat,2019-11-23,15:00 (09:00),West Brom,2–1,Sheffield Weds,25566,The Hawthorns,Tony Harrington,Match Report,
17,Sat,2019-11-23,15:00 (09:00),Derby County,1–0,Preston,27417,iPro Stadium,Tim Robinson,Match Report,
17,Sat,2019-11-23,15:00 (09:00),Brentford,1–0,Reading,11892,Griffin Park,David Coote,Match Report,
17,Sat,2019-11-23,15:00 (09:00),Luton Town,1–2,Leeds United,10068,Kenilworth Road Stadium,John Brooks,Match Report,
17,Sat,2019-11-23,15:00 (09:00),Stoke City,2–1,Wigan Athletic,22530,Bet365 Stadium,Geoff Eltringham,Match Report,
17,Sat,2019-11-23,15:00 (09:00),Swansea City,0–1,Millwall,16840,Liberty Stadium,Andrew Davies,Match Report,
17,Sun,2019-11-24,12:00 (06:00),Middlesbrough,2–2,Hull City,18596,Riverside Stadium,Jeremy Simpson,Match Report,
,,,,,,,,,,,
18,Tue,2019-11-26,19:45 (13:45),Fulham,3–0,Derby County,16856,Craven Cottage,Andy Woolmer,Match Report,
18,Tue,2019-11-26,19:45 (13:45),Cardiff City,1–0,Stoke City,20884,Cardiff City Stadium,Gavin Ward,Match Report,
18,Tue,2019-11-26,19:45 (13:45),Millwall,2–2,Wigan Athletic,10021,The Den,Dean Whitestone,Match Report,
18,Tue,2019-11-26,19:45 (13:45),Luton Town,2–1,Charlton Ath,10004,Kenilworth Road Stadium,Darren England,Match Report,
18,Tue,2019-11-26,19:45 (13:45),Huddersfield,1–1,Swansea City,20062,The John Smith's Stadium,Jarred Gillett,Match Report,
18,Tue,2019-11-26,20:00 (14:00),Reading,0–1,Leeds United,16918,Madejski Stadium,Darren Bond,Match Report,
18,Wed,2019-11-27,19:45 (13:45),Sheffield Weds,1–1,Birmingham City,22059,Hillsborough Stadium,Peter Bankes,Match Report,
18,Wed,2019-11-27,19:45 (13:45),QPR,0–4,Nott'ham Forest,12937,Kiyan Prince Foundation Stadium,Steve Martin,Match Report,
18,Wed,2019-11-27,19:45 (13:45),Middlesbrough,1–0,Barnsley,18043,Riverside Stadium,Oliver Langford,Match Report,
18,Wed,2019-11-27,19:45 (13:45),Hull City,4–0,Preston,9826,Kingston Communications Stadium,Jonathan Moss,Match Report,
18,Wed,2019-11-27,19:45 (13:45),Blackburn,1–0,Brentford,11401,Ewood Park,Matt Donohue,Match Report,
18,Wed,2019-11-27,20:00 (14:00),West Brom,4–1,Bristol City,22197,The Hawthorns,Geoff Eltringham,Match Report,
,,,,,,,,,,,
19,Fri,2019-11-29,19:45 (13:45),Swansea City,1–2,Fulham,16024,Liberty Stadium,Simon Hooper,Match Report,
19,Sat,2019-11-30,12:30 (06:30),Charlton Ath,1–3,Sheffield Weds,18338,The Valley,Tim Robinson,Match Report,
19,Sat,2019-11-30,15:00 (09:00),Stoke City,1–2,Blackburn,22292,Bet365 Stadium,Kevin Friend,Match Report,
19,Sat,2019-11-30,15:00 (09:00),Bristol City,5–2,Huddersfield,20762,Ashton Gate Stadium,Darren England,Match Report,
19,Sat,2019-11-30,15:00 (09:00),Birmingham City,1–1,Millwall,19715,St Andrew's Trillion Trophy Stadium,Andy Woolmer,Match Report,
19,Sat,2019-11-30,15:00 (09:00),Nott'ham Forest,0–1,Cardiff City,28209,The City Ground,Robert Jones,Match Report,
19,Sat,2019-11-30,15:00 (09:00),Derby County,1–1,QPR,26289,iPro Stadium,David Webb,Match Report,
19,Sat,2019-11-30,15:00 (09:00),Wigan Athletic,1–3,Reading,8965,The DW Stadium,Jeremy Simpson,Match Report,
19,Sat,2019-11-30,15:00 (09:00),Barnsley,3–1,Hull City,13598,Oakwell Stadium,John Brooks,Match Report,
19,Sat,2019-11-30,15:00 (09:00),Brentford,7–0,Luton Town,11287,Griffin Park,Tony Harrington,Match Report,
19,Sat,2019-11-30,15:00 (09:00),Leeds United,4–0,Middlesbrough,35626,Elland Road,Keith Stroud,Match Report,
19,Mon,2019-12-02,19:45 (13:45),Preston,0–1,West Brom,13015,Deepdale Stadium,Oliver Langford,Match Report,
,,,,,,,,,,,
20,Fri,2019-12-06,19:45 (13:45),Millwall,2–2,Nott'ham Forest,12976,The Den,John Brooks,Match Report,
20,Sat,2019-12-07,12:30 (06:30),Huddersfield,0–2,Leeds United,23805,The John Smith's Stadium,Gavin Ward,Match Report,
20,Sat,2019-12-07,15:00 (09:00),Middlesbrough,1–0,Charlton Ath,18681,Riverside Stadium,Steve Martin,Match Report,
20,Sat,2019-12-07,15:00 (09:00),Blackburn,1–0,Derby County,12800,Ewood Park,Oliver Langford,Match Report,
20,Sat,2019-12-07,15:00 (09:00),Reading,2–3,Birmingham City,14103,Madejski Stadium,Tim Robinson,Match Report,
20,Sat,2019-12-07,15:00 (09:00),Hull City,2–1,Stoke City,11019,Kingston Communications Stadium,Darren Bond,Match Report,
20,Sat,2019-12-07,15:00 (09:00),Luton Town,2–1,Wigan Athletic,10011,Kenilworth Road Stadium,Andy Madley,Match Report,
20,Sat,2019-12-07,15:00 (09:00),Sheffield Weds,2–1,Brentford,22475,Hillsborough Stadium,Dean Whitestone,Match Report,
20,Sat,2019-12-07,15:00 (09:00),QPR,2–0,Preston,12179,Kiyan Prince Foundation Stadium,Andrew Davies,Match Report,
20,Sat,2019-12-07,15:00 (09:00),Fulham,1–2,Bristol City,18779,Craven Cottage,Jeremy Simpson,Match Report,
20,Sat,2019-12-07,15:00 (09:00),Cardiff City,3–2,Barnsley,21380,Cardiff City Stadium,Paul Tierney,Match Report,
20,Sun,2019-12-08,12:00 (06:00),West Brom,5–1,Swansea City,22927,The Hawthorns,Keith Stroud,Match Report,
,,,,,,,,,,,
21,Tue,2019-12-10,19:45 (13:45),Leeds United,2–0,Hull City,35200,Elland Road,David Webb,Match Report,
21,Tue,2019-12-10,19:45 (13:45),Bristol City,1–2,Millwall,19742,Ashton Gate Stadium,Gavin Ward,Match Report,
21,Tue,2019-12-10,19:45 (13:45),Charlton Ath,0–1,Huddersfield,13488,The Valley,Graham Scott,Match Report,
21,Tue,2019-12-10,19:45 (13:45),Preston,2–1,Fulham,10093,Deepdale Stadium,Keith Stroud,Match Report,
21,Tue,2019-12-10,19:45 (13:45),Nott'ham Forest,1–1,Middlesbrough,24577,The City Ground,Andy Woolmer,Match Report,
21,Tue,2019-12-10,20:00 (14:00),Stoke City,3–0,Luton Town,20216,Bet365 Stadium,Jarred Gillett,Match Report,
21,Wed,2019-12-11,19:45 (13:45),Birmingham City,0–2,QPR,18161,St Andrew's Trillion Trophy Stadium,Darren Bond,Match Report,
21,Wed,2019-12-11,19:45 (13:45),Wigan Athletic,1–1,West Brom,9444,The DW Stadium,Andrew Davies,Match Report,
21,Wed,2019-12-11,19:45 (13:45),Brentford,2–1,Cardiff City,10417,Griffin Park,John Brooks,Match Report,
21,Wed,2019-12-11,19:45 (13:45),Derby County,1–1,Sheffield Weds,26203,iPro Stadium,Steve Martin,Match Report,
21,Wed,2019-12-11,19:45 (13:45),Swansea City,1–1,Blackburn,14162,Liberty Stadium,Jeremy Simpson,Match Report,
21,Wed,2019-12-11,19:45 (13:45),Barnsley,1–1,Reading,11510,Oakwell Stadium,Matt Donohue,Match Report,
,,,,,,,,,,,
22,Fri,2019-12-13,19:45 (13:45),Charlton Ath,2–2,Hull City,14447,The Valley,Andrew Davies,Match Report,
22,Sat,2019-12-14,12:30 (06:30),Birmingham City,2–3,West Brom,20796,St Andrew's Trillion Trophy Stadium,Darren England,Match Report,
22,Sat,2019-12-14,15:00 (09:00),Bristol City,0–2,Blackburn,21180,Ashton Gate Stadium,John Brooks,Match Report,
22,Sat,2019-12-14,15:00 (09:00),Derby County,0–1,Millwall,26272,iPro Stadium,Chris Kavanagh,Match Report,
22,Sat,2019-12-14,15:00 (09:00),Nott'ham Forest,0–4,Sheffield Weds,28002,The City Ground,James Linington,Match Report,
22,Sat,2019-12-14,15:00 (09:00),Wigan Athletic,1–1,Huddersfield,10383,The DW Stadium,Steve Martin,Match Report,
22,Sat,2019-12-14,15:00 (09:00),Brentford,1–0,Fulham,12305,Griffin Park,Oliver Langford,Match Report,
22,Sat,2019-12-14,15:00 (09:00),Preston,2–1,Luton Town,12083,Deepdale Stadium,Gavin Ward,Match Report,
22,Sat,2019-12-14,15:00 (09:00),Leeds United,3–3,Cardiff City,34552,Elland Road,Tony Harrington,Match Report,
22,Sat,2019-12-14,15:00 (09:00),Stoke City,0–0,Reading,21701,Bet365 Stadium,Lee Mason,Match Report,
22,Sat,2019-12-14,15:00 (09:00),Swansea City,3–1,Middlesbrough,14625,Liberty Stadium,Dean Whitestone,Match Report,
22,Sat,2019-12-14,15:00 (09:00),Barnsley,5–3,QPR,12212,Oakwell Stadium,Keith Stroud,Match Report,
,,,,,,,,,,,
23,Fri,2019-12-20,19:45 (13:45),Middlesbrough,2–1,Stoke City,18270,Riverside Stadium,Oliver Langford,Match Report,
23,Sat,2019-12-21,12:30 (06:30),Cardiff City,0–0,Preston,22625,Cardiff City Stadium,Jeremy Simpson,Match Report,
23,Sat,2019-12-21,15:00 (09:00),Huddersfield,2–1,Nott'ham Forest,22529,The John Smith's Stadium,Andrew Davies,Match Report,
23,Sat,2019-12-21,15:00 (09:00),Reading,3–0,Derby County,14831,Madejski Stadium,Michael Salisbury,Match Report,
23,Sat,2019-12-21,15:00 (09:00),Fulham,2–1,Leeds United,18878,Craven Cottage,Tim Robinson,Match Report,
23,Sat,2019-12-21,15:00 (09:00),West Brom,1–1,Brentford,24961,The Hawthorns,Darren Bond,Match Report,
23,Sat,2019-12-21,15:00 (09:00),Luton Town,0–1,Swansea City,10062,Kenilworth Road Stadium,David Webb,Match Report,
23,Sat,2019-12-21,15:00 (09:00),QPR,2–2,Charlton Ath,16166,Kiyan Prince Foundation Stadium,Matt Donohue,Match Report,
23,Sat,2019-12-21,15:00 (09:00),Millwall,1–2,Barnsley,12682,The Den,Jarred Gillett,Match Report,
23,Sat,2019-12-21,15:00 (09:00),Hull City,3–0,Birmingham City,11334,Kingston Communications Stadium,Anthony Backhouse,Match Report,
23,Sun,2019-12-22,12:00 (06:00),Sheffield Weds,1–0,Bristol City,23180,Hillsborough Stadium,Tony Harrington,Match Report,
23,Mon,2019-12-23,19:45 (13:45),Blackburn,0–0,Wigan Athletic,18726,Ewood Park,Gavin Ward,Match Report,
,,,,,,,,,,,
24,Thu,2019-12-26,15:00 (09:00),Middlesbrough,1–0,Huddersfield,25313,Riverside Stadium,Darren England,Match Report,
24,Thu,2019-12-26,15:00 (09:00),Barnsley,1–1,West Brom,17049,Oakwell Stadium,Tony Harrington,Match Report,
24,Thu,2019-12-26,15:00 (09:00),Wigan Athletic,1–1,Derby County,14211,The DW Stadium,Jarred Gillett,Match Report,
24,Thu,2019-12-26,15:00 (09:00),Luton Town,3–3,Fulham,10068,Kenilworth Road Stadium,Dean Whitestone,Match Report,
24,Thu,2019-12-26,15:00 (09:00),Brentford,3–1,Swansea City,11848,Griffin Park,Andy Woolmer,Match Report,
24,Thu,2019-12-26,15:00 (09:00),Cardiff City,1–1,Millwall,23583,Cardiff City Stadium,David Webb,Match Report,
24,Thu,2019-12-26,15:00 (09:00),Stoke City,3–2,Sheffield Weds,25359,Bet365 Stadium,John Brooks,Match Report,
24,Thu,2019-12-26,15:00 (09:00),Charlton Ath,3–2,Bristol City,18058,The Valley,Keith Stroud,Match Report,
24,Thu,2019-12-26,15:00 (09:00),Hull City,0–2,Nott'ham Forest,15001,Kingston Communications Stadium,Geoff Eltringham,Match Report,
24,Thu,2019-12-26,15:00 (09:00),Blackburn,1–1,Birmingham City,15887,Ewood Park,Robert Jones,Match Report,
24,Thu,2019-12-26,17:15 (11:15),Leeds United,1–1,Preston,35638,Elland Road,Darren Bond,Match Report,
24,Thu,2019-12-26,19:30 (13:30),Reading,1–0,QPR,12495,Madejski Stadium,James Linington,Match Report,
,,,,,,,,,,,
25,Sun,2019-12-29,15:00 (09:00),Preston,0–2,Reading,13680,Deepdale Stadium,Jarred Gillett,Match Report,
25,Sun,2019-12-29,15:00 (09:00),Sheffield Weds,1–2,Cardiff City,25385,Hillsborough Stadium,Tim Robinson,Match Report,
25,Sun,2019-12-29,15:00 (09:00),Huddersfield,2–1,Blackburn,22859,The John Smith's Stadium,Andy Woolmer,Match Report,
25,Sun,2019-12-29,15:00 (09:00),Millwall,1–0,Brentford,15464,The Den,Robert Jones,Match Report,
25,Sun,2019-12-29,15:00 (09:00),Swansea City,0–0,Barnsley,17097,Liberty Stadium,Anthony Coggins,Match Report,
25,Sun,2019-12-29,15:00 (09:00),Birmingham City,4–5,Leeds United,22059,St Andrew's Trillion Trophy Stadium,Keith Stroud,Match Report,
25,Sun,2019-12-29,15:00 (09:00),West Brom,0–2,Middlesbrough,25077,The Hawthorns,Geoff Eltringham,Match Report,
25,Sun,2019-12-29,15:00 (09:00),Nott'ham Forest,1–0,Wigan Athletic,27844,The City Ground,Matt Donohue,Match Report,
25,Sun,2019-12-29,15:00 (09:00),Fulham,1–0,Stoke City,18747,Craven Cottage,Andrew Davies,Match Report,
25,Sun,2019-12-29,15:00 (09:00),Bristol City,3–0,Luton Town,22216,Ashton Gate Stadium,Oliver Langford,Match Report,
25,Sun,2019-12-29,15:00 (09:00),QPR,1–2,Hull City,13814,Kiyan Prince Foundation Stadium,Gavin Ward,Match Report,
25,Mon,2019-12-30,19:45 (13:45),Derby County,2–1,Charlton Ath,26058,iPro Stadium,Jeremy Simpson,Match Report,
,,,,,,,,,,,
26,Wed,2020-01-01,12:45 (06:45),Millwall,3–1,Luton Town,12134,The Den,Steve Martin,Match Report,
26,Wed,2020-01-01,15:00 (09:00),Sheffield Weds,0–1,Hull City,24842,Hillsborough Stadium,Jeremy Simpson,Match Report,
26,Wed,2020-01-01,15:00 (09:00),Huddersfield,2–5,Stoke City,21933,The John Smith's Stadium,James Linington,Match Report,
26,Wed,2020-01-01,15:00 (09:00),Bristol City,0–4,Brentford,20858,Ashton Gate Stadium,Matt Donohue,Match Report,
26,Wed,2020-01-01,15:00 (09:00),Fulham,1–2,Reading,18575,Craven Cottage,Geoff Eltringham,Match Report,
26,Wed,2020-01-01,15:00 (09:00),Nott'ham Forest,3–2,Blackburn,27073,The City Ground,Darren Bond,Match Report,
26,Wed,2020-01-01,15:00 (09:00),Preston,0–2,Middlesbrough,13824,Deepdale Stadium,John Brooks,Match Report,
26,Wed,2020-01-01,15:00 (09:00),QPR,6–1,Cardiff City,12355,Kiyan Prince Foundation Stadium,Darren England,Match Report,
26,Wed,2020-01-01,15:00 (09:00),Birmingham City,2–3,Wigan Athletic,18616,St Andrew's Trillion Trophy Stadium,David Webb,Match Report,
26,Wed,2020-01-01,17:15 (11:15),West Brom,1–1,Leeds United,25618,The Hawthorns,Robert Jones,Match Report,
26,Thu,2020-01-02,19:45 (13:45),Swansea City,1–0,Charlton Ath,15352,Liberty Stadium,Peter Bankes,Match Report,
26,Thu,2020-01-02,19:45 (13:45),Derby County,2–1,Barnsley,27782,iPro Stadium,Dean Whitestone,Match Report,
,,,,,,,,,,,
27,Sat,2020-01-11,12:30 (06:30),Brentford,3–1,QPR,12324,Griffin Park,John Brooks,Match Report,
27,Sat,2020-01-11,15:00 (09:00),Luton Town,1–2,Birmingham City,10062,Kenilworth Road Stadium,Graham Scott,Match Report,
27,Sat,2020-01-11,15:00 (09:00),Hull City,0–1,Fulham,11347,Kingston Communications Stadium,Matt Donohue,Match Report,
27,Sat,2020-01-11,15:00 (09:00),Blackburn,1–1,Preston,19963,Ewood Park,James Linington,Match Report,
27,Sat,2020-01-11,15:00 (09:00),Stoke City,0–0,Millwall,22515,Bet365 Stadium,Jeremy Simpson,Match Report,
27,Sat,2020-01-11,15:00 (09:00),Middlesbrough,2–2,Derby County,19706,Riverside Stadium,Tim Robinson,Match Report,
27,Sat,2020-01-11,15:00 (09:00),Leeds United,0–2,Sheffield Weds,36422,Elland Road,Oliver Langford,Match Report,
27,Sat,2020-01-11,15:00 (09:00),Wigan Athletic,0–2,Bristol City,9074,The DW Stadium,Steve Martin,Match Report,
27,Sat,2020-01-11,15:00 (09:00),Charlton Ath,2–2,West Brom,19720,The Valley,Jarred Gillett,Match Report,
27,Sat,2020-01-11,15:00 (09:00),Barnsley,2–1,Huddersfield,17158,Oakwell Stadium,Simon Hooper,Match Report,
27,Sat,2020-01-11,15:00 (09:00),Reading,1–1,Nott'ham Forest,16602,Madejski Stadium,Dean Whitestone,Match Report,
27,Sun,2020-01-12,12:00 (06:00),Cardiff City,0–0,Swansea City,28529,Cardiff City Stadium,Tony Harrington,Match Report,
,,,,,,,,,,,
28,Fri,2020-01-17,19:45 (13:45),Fulham,1–0,Middlesbrough,18375,Craven Cottage,David Webb,Match Report,
28,Sat,2020-01-18,12:30 (06:30),QPR,1–0,Leeds United,16049,Kiyan Prince Foundation Stadium,Peter Bankes,Match Report,
28,Sat,2020-01-18,15:00 (09:00),Millwall,2–0,Reading,14011,The Den,Keith Stroud,Match Report,
28,Sat,2020-01-18,15:00 (09:00),Birmingham City,1–1,Cardiff City,20482,St Andrew's Trillion Trophy Stadium,Andrew Davies,Match Report,
28,Sat,2020-01-18,15:00 (09:00),Derby County,1–0,Hull City,27412,iPro Stadium,Andy Woolmer,Match Report,
28,Sat,2020-01-18,15:00 (09:00),Huddersfield,0–0,Brentford,20874,The John Smith's Stadium,Oliver Langford,Match Report,
28,Sat,2020-01-18,15:00 (09:00),Preston,2–1,Charlton Ath,12358,Deepdale Stadium,Dean Whitestone,Match Report,
28,Sat,2020-01-18,15:00 (09:00),Swansea City,2–1,Wigan Athletic,15659,Liberty Stadium,James Linington,Match Report,
28,Sat,2020-01-18,15:00 (09:00),Bristol City,1–0,Barnsley,20570,Ashton Gate Stadium,Darren Bond,Match Report,
28,Sat,2020-01-18,15:00 (09:00),Sheffield Weds,0–5,Blackburn,23504,Hillsborough Stadium,Jarred Gillett,Match Report,
28,Sun,2020-01-19,12:00 (06:00),Nott'ham Forest,3–1,Luton Town,27081,The City Ground,Tony Harrington,Match Report,
28,Mon,2020-01-20,20:00 (14:00),West Brom,0–1,Stoke City,23199,The Hawthorns,Tim Robinson,Match Report,
,,,,,,,,,,,
29,Tue,2020-01-21,19:45 (13:45),Barnsley,0–3,Preston,12207,Oakwell Stadium,Jeremy Simpson,Match Report,
29,Tue,2020-01-21,19:45 (13:45),Middlesbrough,1–1,Birmingham City,18350,Riverside Stadium,Andy Woolmer,Match Report,
,,,,,,,,,,,
14,Wed,2020-01-22,19:45 (13:45),Nott'ham Forest,1–1,Reading,26840,The City Ground,David Webb,Match Report,
,,,,,,,,,,,
29,Wed,2020-01-22,19:45 (13:45),Charlton Ath,0–0,Fulham,16424,The Valley,Steve Martin,Match Report,
29,Sat,2020-01-25,15:00 (09:00),Stoke City,2–0,Swansea City,22593,Bet365 Stadium,Gavin Ward,Match Report,
29,Tue,2020-01-28,19:45 (13:45),Hull City,1–2,Huddersfield,10474,Kingston Communications Stadium,Steve Martin,Match Report,
29,Tue,2020-01-28,19:45 (13:45),Wigan Athletic,2–1,Sheffield Weds,9759,The DW Stadium,David Webb,Match Report,
29,Tue,2020-01-28,19:45 (13:45),Brentford,0–1,Nott'ham Forest,12274,Griffin Park,Tim Robinson,Match Report,
29,Tue,2020-01-28,19:45 (13:45),Luton Town,3–2,Derby County,10057,Kenilworth Road Stadium,Andrew Davies,Match Report,
29,Tue,2020-01-28,19:45 (13:45),Cardiff City,2–1,West Brom,22516,Cardiff City Stadium,Robert Jones,Match Report,
29,Tue,2020-01-28,19:45 (13:45),Blackburn,2–1,QPR,11505,Ewood Park,Darren Bond,Match Report,
29,Tue,2020-01-28,19:45 (13:45),Leeds United,3–2,Millwall,34006,Elland Road,Darren England,Match Report,
29,Tue,2020-01-28,20:00 (14:00),Reading,0–1,Bristol City,11633,Madejski Stadium,James Linington,Match Report,
,,,,,,,,,,,
30,Fri,2020-01-31,19:45 (13:45),Derby County,,Stoke City,,iPro Stadium,,,
30,Fri,2020-01-31,19:45 (13:45),Cardiff City,,Reading,,Cardiff City Stadium,,,
30,Sat,2020-02-01,12:30 (06:30),Hull City,,Brentford,,Kingston Communications Stadium,,,
30,Sat,2020-02-01,15:00 (09:00),Birmingham City,,Nott'ham Forest,,St Andrew's Trillion Trophy Stadium,,,
30,Sat,2020-02-01,15:00 (09:00),QPR,,Bristol City,,Kiyan Prince Foundation Stadium,,,
30,Sat,2020-02-01,15:00 (09:00),Charlton Ath,,Barnsley,,The Valley,,,
30,Sat,2020-02-01,15:00 (09:00),Fulham,,Huddersfield,,Craven Cottage,,,
30,Sat,2020-02-01,15:00 (09:00),Middlesbrough,,Blackburn,,Riverside Stadium,,,
30,Sat,2020-02-01,15:00 (09:00),Sheffield Weds,,Millwall,,Hillsborough Stadium,,,
30,Sat,2020-02-01,15:00 (09:00),Leeds United,,Wigan Athletic,,Elland Road,,,
30,Sat,2020-02-01,15:00 (09:00),Preston,,Swansea City,,Deepdale Stadium,,,
30,Sat,2020-02-01,15:00 (09:00),West Brom,,Luton Town,,The Hawthorns,,,
,,,,,,,,,,,
31,Fri,2020-02-07,19:45 (13:45),Bristol City,,Birmingham City,,Ashton Gate Stadium,,,
31,Sat,2020-02-08,12:30 (06:30),Wigan Athletic,,Preston,,The DW Stadium,,,
31,Sat,2020-02-08,13:30 (07:30),Barnsley,,Sheffield Weds,,Oakwell Stadium,,,
31,Sat,2020-02-08,15:00 (09:00),Stoke City,,Charlton Ath,,Bet365 Stadium,,,
31,Sat,2020-02-08,15:00 (09:00),Brentford,,Middlesbrough,,Griffin Park,,,
31,Sat,2020-02-08,15:00 (09:00),Luton Town,,Cardiff City,,Kenilworth Road Stadium,,,
31,Sat,2020-02-08,15:00 (09:00),Reading,,Hull City,,Madejski Stadium,,,
31,Sat,2020-02-08,15:00 (09:00),Blackburn,,Fulham,,Ewood Park,,,
31,Sat,2020-02-08,15:00 (09:00),Swansea City,,Derby County,,Liberty Stadium,,,
31,Sat,2020-02-08,15:00 (09:00),Huddersfield,,QPR,,The John Smith's Stadium,,,
31,Sat,2020-02-08,17:30 (11:30),Nott'ham Forest,,Leeds United,,The City Ground,,,
31,Sun,2020-02-09,13:30 (07:30),Millwall,,West Brom,,The Den,,,
,,,,,,,,,,,
32,Tue,2020-02-11,19:45 (13:45),Blackburn,,Hull City,,Ewood Park,,,
32,Tue,2020-02-11,19:45 (13:45),Nott'ham Forest,,Charlton Ath,,The City Ground,,,
32,Tue,2020-02-11,19:45 (13:45),Brentford,,Leeds United,,Griffin Park,,,
32,Tue,2020-02-11,19:45 (13:45),Barnsley,,Birmingham City,,Oakwell Stadium,,,
32,Tue,2020-02-11,19:45 (13:45),Swansea City,,QPR,,Liberty Stadium,,,
32,Tue,2020-02-11,19:45 (13:45),Wigan Athletic,,Middlesbrough,,The DW Stadium,,,
32,Wed,2020-02-12,19:45 (13:45),Millwall,,Fulham,,The Den,,,
32,Wed,2020-02-12,19:45 (13:45),Huddersfield,,Cardiff City,,The John Smith's Stadium,,,
32,Wed,2020-02-12,19:45 (13:45),Luton Town,,Sheffield Weds,,Kenilworth Road Stadium,,,
32,Wed,2020-02-12,19:45 (13:45),Bristol City,,Derby County,,Ashton Gate Stadium,,,
32,Wed,2020-02-12,20:00 (14:00),Reading,,West Brom,,Madejski Stadium,,,
32,Wed,2020-02-12,20:00 (14:00),Stoke City,,Preston,,Bet365 Stadium,,,
,,,,,,,,,,,
33,Fri,2020-02-14,19:45 (13:45),Hull City,,Swansea City,,Kingston Communications Stadium,,,
33,Sat,2020-02-15,12:30 (06:30),West Brom,,Nott'ham Forest,,The Hawthorns,,,
33,Sat,2020-02-15,15:00 (09:00),Preston,,Millwall,,Deepdale Stadium,,,
33,Sat,2020-02-15,15:00 (09:00),Cardiff City,,Wigan Athletic,,Cardiff City Stadium,,,
33,Sat,2020-02-15,15:00 (09:00),QPR,,Stoke City,,Kiyan Prince Foundation Stadium,,,
33,Sat,2020-02-15,15:00 (09:00),Middlesbrough,,Luton Town,,Riverside Stadium,,,
33,Sat,2020-02-15,15:00 (09:00),Sheffield Weds,,Reading,,Hillsborough Stadium,,,
33,Sat,2020-02-15,15:00 (09:00),Leeds United,,Bristol City,,Elland Road,,,
33,Sat,2020-02-15,15:00 (09:00),Charlton Ath,,Blackburn,,The Valley,,,
33,Sat,2020-02-15,15:00 (09:00),Fulham,,Barnsley,,Craven Cottage,,,
33,Sat,2020-02-15,15:00 (09:00),Birmingham City,,Brentford,,St Andrew's Trillion Trophy Stadium,,,
33,Sat,2020-02-15,15:00 (09:00),Derby County,,Huddersfield,,iPro Stadium,,,
,,,,,,,,,,,
34,Fri,2020-02-21,19:45 (13:45),Derby County,,Fulham,,iPro Stadium,,,
34,Sat,2020-02-22,12:30 (06:30),Brentford,,Blackburn,,Griffin Park,,,
34,Sat,2020-02-22,15:00 (09:00),Bristol City,,West Brom,,Ashton Gate Stadium,,,
34,Sat,2020-02-22,15:00 (09:00),Preston,,Hull City,,Deepdale Stadium,,,
34,Sat,2020-02-22,15:00 (09:00),Birmingham City,,Sheffield Weds,,St Andrew's Trillion Trophy Stadium,,,
34,Sat,2020-02-22,15:00 (09:00),Swansea City,,Huddersfield,,Liberty Stadium,,,
34,Sat,2020-02-22,15:00 (09:00),Wigan Athletic,,Millwall,,The DW Stadium,,,
34,Sat,2020-02-22,15:00 (09:00),Stoke City,,Cardiff City,,Bet365 Stadium,,,
34,Sat,2020-02-22,15:00 (09:00),Barnsley,,Middlesbrough,,Oakwell Stadium,,,
34,Sat,2020-02-22,15:00 (09:00),Nott'ham Forest,,QPR,,The City Ground,,,
34,Sat,2020-02-22,15:00 (09:00),Charlton Ath,,Luton Town,,The Valley,,,
34,Sat,2020-02-22,15:00 (09:00),Leeds United,,Reading,,Elland Road,,,
,,,,,,,,,,,
35,Tue,2020-02-25,19:45 (13:45),Huddersfield,,Bristol City,,The John Smith's Stadium,,,
35,Tue,2020-02-25,19:45 (13:45),Luton Town,,Brentford,,Kenilworth Road Stadium,,,
35,Tue,2020-02-25,19:45 (13:45),Cardiff City,,Nott'ham Forest,,Cardiff City Stadium,,,
35,Tue,2020-02-25,19:45 (13:45),QPR,,Derby County,,Kiyan Prince Foundation Stadium,,,
35,Tue,2020-02-25,20:00 (14:00),West Brom,,Preston,,The Hawthorns,,,
35,Wed,2020-02-26,19:45 (13:45),Hull City,,Barnsley,,Kingston Communications Stadium,,,
35,Wed,2020-02-26,19:45 (13:45),Millwall,,Birmingham City,,The Den,,,
35,Wed,2020-02-26,19:45 (13:45),Blackburn,,Stoke City,,Ewood Park,,,
35,Wed,2020-02-26,19:45 (13:45),Fulham,,Swansea City,,Craven Cottage,,,
35,Wed,2020-02-26,19:45 (13:45),Middlesbrough,,Leeds United,,Riverside Stadium,,,
35,Wed,2020-02-26,19:45 (13:45),Sheffield Weds,,Charlton Ath,,Hillsborough Stadium,,,
35,Wed,2020-02-26,20:00 (14:00),Reading,,Wigan Athletic,,Madejski Stadium,,,
,,,,,,,,,,,
36,Sat,2020-02-29,12:30 (06:30),Hull City,,Leeds United,,Kingston Communications Stadium,,,
36,Sat,2020-02-29,15:00 (09:00),Huddersfield,,Charlton Ath,,The John Smith's Stadium,,,
36,Sat,2020-02-29,15:00 (09:00),Luton Town,,Stoke City,,Kenilworth Road Stadium,,,
36,Sat,2020-02-29,15:00 (09:00),QPR,,Birmingham City,,Kiyan Prince Foundation Stadium,,,
36,Sat,2020-02-29,15:00 (09:00),Reading,,Barnsley,,Madejski Stadium,,,
36,Sat,2020-02-29,15:00 (09:00),West Brom,,Wigan Athletic,,The Hawthorns,,,
36,Sat,2020-02-29,15:00 (09:00),Cardiff City,,Brentford,,Cardiff City Stadium,,,
36,Sat,2020-02-29,15:00 (09:00),Millwall,,Bristol City,,The Den,,,
36,Sat,2020-02-29,15:00 (09:00),Sheffield Weds,,Derby County,,Hillsborough Stadium,,,
36,Sat,2020-02-29,15:00 (09:00),Blackburn,,Swansea City,,Ewood Park,,,
36,Sat,2020-02-29,15:00 (09:00),Fulham,,Preston,,Craven Cottage,,,
36,Mon,2020-03-02,19:45 (13:45),Middlesbrough,,Nott'ham Forest,,Riverside Stadium,,,
,,,,,,,,,,,
37,Sat,2020-03-07,,Bristol City,,Fulham,,Ashton Gate Stadium,,,
37,Sat,2020-03-07,,Preston,,QPR,,Deepdale Stadium,,,
37,Sat,2020-03-07,,Nott'ham Forest,,Millwall,,The City Ground,,,
37,Sat,2020-03-07,,Stoke City,,Hull City,,Bet365 Stadium,,,
37,Sat,2020-03-07,,Charlton Ath,,Middlesbrough,,The Valley,,,
37,Sat,2020-03-07,,Derby County,,Blackburn,,iPro Stadium,,,
37,Sat,2020-03-07,,Swansea City,,West Brom,,Liberty Stadium,,,
37,Sat,2020-03-07,,Barnsley,,Cardiff City,,Oakwell Stadium,,,
37,Sat,2020-03-07,,Leeds United,,Huddersfield,,Elland Road,,,
37,Sat,2020-03-07,,Brentford,,Sheffield Weds,,Griffin Park,,,
37,Sat,2020-03-07,,Wigan Athletic,,Luton Town,,The DW Stadium,,,
37,Sat,2020-03-07,,Birmingham City,,Reading,,St Andrew's Trillion Trophy Stadium,,,
,,,,,,,,,,,
38,Sat,2020-03-14,,Blackburn,,Bristol City,,Ewood Park,,,
38,Sat,2020-03-14,,Fulham,,Brentford,,Craven Cottage,,,
38,Sat,2020-03-14,,Hull City,,Charlton Ath,,Kingston Communications Stadium,,,
38,Sat,2020-03-14,,Huddersfield,,Wigan Athletic,,The John Smith's Stadium,,,
38,Sat,2020-03-14,,West Brom,,Birmingham City,,The Hawthorns,,,
38,Sat,2020-03-14,,Sheffield Weds,,Nott'ham Forest,,Hillsborough Stadium,,,
38,Sat,2020-03-14,,Millwall,,Derby County,,The Den,,,
38,Sat,2020-03-14,,Cardiff City,,Leeds United,,Cardiff City Stadium,,,
38,Sat,2020-03-14,,QPR,,Barnsley,,Kiyan Prince Foundation Stadium,,,
38,Sat,2020-03-14,,Middlesbrough,,Swansea City,,Riverside Stadium,,,
38,Sat,2020-03-14,,Luton Town,,Preston,,Kenilworth Road Stadium,,,
38,Sat,2020-03-14,,Reading,,Stoke City,,Madejski Stadium,,,
,,,,,,,,,,,
39,Tue,2020-03-17,,Charlton Ath,,QPR,,The Valley,,,
39,Tue,2020-03-17,,Preston,,Cardiff City,,Deepdale Stadium,,,
39,Tue,2020-03-17,,Barnsley,,Millwall,,Oakwell Stadium,,,
39,Tue,2020-03-17,,Brentford,,West Brom,,Griffin Park,,,
39,Tue,2020-03-17,,Derby County,,Reading,,iPro Stadium,,,
39,Tue,2020-03-17,,Bristol City,,Sheffield Weds,,Ashton Gate Stadium,,,
39,Wed,2020-03-18,,Swansea City,,Luton Town,,Liberty Stadium,,,
39,Wed,2020-03-18,,Birmingham City,,Hull City,,St Andrew's Trillion Trophy Stadium,,,
39,Wed,2020-03-18,,Nott'ham Forest,,Huddersfield,,The City Ground,,,
39,Wed,2020-03-18,,Stoke City,,Middlesbrough,,Bet365 Stadium,,,
39,Wed,2020-03-18,,Leeds United,,Fulham,,Elland Road,,,
39,Wed,2020-03-18,,Wigan Athletic,,Blackburn,,The DW Stadium,,,
,,,,,,,,,,,
40,Sat,2020-03-21,,Barnsley,,Blackburn,,Oakwell Stadium,,,
40,Sat,2020-03-21,,Preston,,Derby County,,Deepdale Stadium,,,
40,Sat,2020-03-21,,Wigan Athletic,,Stoke City,,The DW Stadium,,,
40,Sat,2020-03-21,,Sheffield Weds,,West Brom,,Hillsborough Stadium,,,
40,Sat,2020-03-21,,Nott'ham Forest,,Bristol City,,The City Ground,,,
40,Sat,2020-03-21,,Hull City,,Middlesbrough,,Kingston Communications Stadium,,,
40,Sat,2020-03-21,,QPR,,Fulham,,Kiyan Prince Foundation Stadium,,,
40,Sat,2020-03-21,,Leeds United,,Luton Town,,Elland Road,,,
40,Sat,2020-03-21,,Cardiff City,,Charlton Ath,,Cardiff City Stadium,,,
40,Sat,2020-03-21,,Reading,,Brentford,,Madejski Stadium,,,
40,Sat,2020-03-21,,Birmingham City,,Huddersfield,,St Andrew's Trillion Trophy Stadium,,,
40,Sat,2020-03-21,,Millwall,,Swansea City,,The Den,,,
,,,,,,,,,,,
41,Sat,2020-04-04,,Bristol City,,Cardiff City,,Ashton Gate Stadium,,,
41,Sat,2020-04-04,,Fulham,,Birmingham City,,Craven Cottage,,,
41,Sat,2020-04-04,,Swansea City,,Sheffield Weds,,Liberty Stadium,,,
41,Sat,2020-04-04,,Middlesbrough,,QPR,,Riverside Stadium,,,
41,Sat,2020-04-04,,Charlton Ath,,Millwall,,The Valley,,,
41,Sat,2020-04-04,,Huddersfield,,Preston,,The John Smith's Stadium,,,
41,Sat,2020-04-04,,West Brom,,Hull City,,The Hawthorns,,,
41,Sat,2020-04-04,,Luton Town,,Reading,,Kenilworth Road Stadium,,,
41,Sat,2020-04-04,,Blackburn,,Leeds United,,Ewood Park,,,
41,Sat,2020-04-04,,Derby County,,Nott'ham Forest,,iPro Stadium,,,
41,Sat,2020-04-04,,Brentford,,Wigan Athletic,,Griffin Park,,,
41,Sat,2020-04-04,,Stoke City,,Barnsley,,Bet365 Stadium,,,
,,,,,,,,,,,
42,Fri,2020-04-10,,Millwall,,Middlesbrough,,The Den,,,
42,Fri,2020-04-10,,Leeds United,,Stoke City,,Elland Road,,,
42,Fri,2020-04-10,,Nott'ham Forest,,Fulham,,The City Ground,,,
42,Fri,2020-04-10,,Birmingham City,,Swansea City,,St Andrew's Trillion Trophy Stadium,,,
42,Fri,2020-04-10,,Wigan Athletic,,QPR,,The DW Stadium,,,
42,Fri,2020-04-10,,Luton Town,,Barnsley,,Kenilworth Road Stadium,,,
42,Fri,2020-04-10,,Cardiff City,,Blackburn,,Cardiff City Stadium,,,
42,Fri,2020-04-10,,West Brom,,Derby County,,The Hawthorns,,,
42,Fri,2020-04-10,,Bristol City,,Hull City,,Ashton Gate Stadium,,,
42,Fri,2020-04-10,,Reading,,Huddersfield,,Madejski Stadium,,,
42,Fri,2020-04-10,,Sheffield Weds,,Preston,,Hillsborough Stadium,,,
42,Fri,2020-04-10,,Brentford,,Charlton Ath,,Griffin Park,,,
,,,,,,,,,,,
43,Mon,2020-04-13,,Derby County,,Brentford,,iPro Stadium,,,
43,Mon,2020-04-13,,Fulham,,Cardiff City,,Craven Cottage,,,
43,Mon,2020-04-13,,Preston,,Nott'ham Forest,,Deepdale Stadium,,,
43,Mon,2020-04-13,,QPR,,Sheffield Weds,,Kiyan Prince Foundation Stadium,,,
43,Mon,2020-04-13,,Swansea City,,Leeds United,,Liberty Stadium,,,
43,Mon,2020-04-13,,Hull City,,Millwall,,Kingston Communications Stadium,,,
43,Mon,2020-04-13,,Barnsley,,Wigan Athletic,,Oakwell Stadium,,,
43,Mon,2020-04-13,,Middlesbrough,,Bristol City,,Riverside Stadium,,,
43,Mon,2020-04-13,,Huddersfield,,Luton Town,,The John Smith's Stadium,,,
43,Mon,2020-04-13,,Blackburn,,West Brom,,Ewood Park,,,
43,Mon,2020-04-13,,Stoke City,,Birmingham City,,Bet365 Stadium,,,
43,Mon,2020-04-13,,Charlton Ath,,Reading,,The Valley,,,
,,,,,,,,,,,
44,Sat,2020-04-18,,Luton Town,,QPR,,Kenilworth Road Stadium,,,
44,Sat,2020-04-18,,Cardiff City,,Derby County,,Cardiff City Stadium,,,
44,Sat,2020-04-18,,Sheffield Weds,,Huddersfield,,Hillsborough Stadium,,,
44,Sat,2020-04-18,,Nott'ham Forest,,Swansea City,,The City Ground,,,
44,Sat,2020-04-18,,Millwall,,Blackburn,,The Den,,,
44,Sat,2020-04-18,,West Brom,,Fulham,,The Hawthorns,,,
44,Sat,2020-04-18,,Bristol City,,Stoke City,,Ashton Gate Stadium,,,
44,Sat,2020-04-18,,Brentford,,Preston,,Griffin Park,,,
44,Sat,2020-04-18,,Reading,,Middlesbrough,,Madejski Stadium,,,
44,Sat,2020-04-18,,Wigan Athletic,,Hull City,,The DW Stadium,,,
44,Sat,2020-04-18,,Birmingham City,,Charlton Ath,,St Andrew's Trillion Trophy Stadium,,,
44,Sat,2020-04-18,,Leeds United,,Barnsley,,Elland Road,,,
,,,,,,,,,,,
45,Sat,2020-04-25,,QPR,,Millwall,,Kiyan Prince Foundation Stadium,,,
45,Sat,2020-04-25,,Barnsley,,Nott'ham Forest,,Oakwell Stadium,,,
45,Sat,2020-04-25,,Fulham,,Sheffield Weds,,Craven Cottage,,,
45,Sat,2020-04-25,,Preston,,Birmingham City,,Deepdale Stadium,,,
45,Sat,2020-04-25,,Charlton Ath,,Wigan Athletic,,The Valley,,,
45,Sat,2020-04-25,,Derby County,,Leeds United,,iPro Stadium,,,
45,Sat,2020-04-25,,Swansea City,,Bristol City,,Liberty Stadium,,,
45,Sat,2020-04-25,,Middlesbrough,,Cardiff City,,Riverside Stadium,,,
45,Sat,2020-04-25,,Stoke City,,Brentford,,Bet365 Stadium,,,
45,Sat,2020-04-25,,Hull City,,Luton Town,,Kingston Communications Stadium,,,
45,Sat,2020-04-25,,Blackburn,,Reading,,Ewood Park,,,
45,Sat,2020-04-25,,Huddersfield,,West Brom,,The John Smith's Stadium,,,
,,,,,,,,,,,
46,Sat,2020-05-02,,Cardiff City,,Hull City,,Cardiff City Stadium,,,
46,Sat,2020-05-02,,Nott'ham Forest,,Stoke City,,The City Ground,,,
46,Sat,2020-05-02,,Luton Town,,Blackburn,,Kenilworth Road Stadium,,,
46,Sat,2020-05-02,,Reading,,Swansea City,,Madejski Stadium,,,
46,Sat,2020-05-02,,Millwall,,Huddersfield,,The Den,,,
46,Sat,2020-05-02,,West Brom,,QPR,,The Hawthorns,,,
46,Sat,2020-05-02,,Wigan Athletic,,Fulham,,The DW Stadium,,,
46,Sat,2020-05-02,,Sheffield Weds,,Middlesbrough,,Hillsborough Stadium,,,
46,Sat,2020-05-02,,Brentford,,Barnsley,,Griffin Park,,,
46,Sat,2020-05-02,,Leeds United,,Charlton Ath,,Elland Road,,,
46,Sat,2020-05-02,,Birmingham City,,Derby County,,St Andrew's Trillion Trophy Stadium,,,
46,Sat,2020-05-02,,Bristol City,,Preston,,Ashton Gate Stadium,,,
