,,2019,,,,2018,,,,2017,,,,2016,,,,2015,,,,2014,,,,2013,,,,2012,,,,2011,,,,2010,,,,2009,,,,2008,,,,2007,,,,2006,,,
,,Qual,Rnd,GW,GD,Qual,Rnd,GW,GD,Qual,Rnd,GW,GD,Qual,Rnd,GW,GD,Qual,Rnd,GW,GD,Qual,Rnd,GW,GD,Qual,Rnd,GW,GD,Qual,Rnd,GW,GD,Qual,Rnd,GW,GD,Qual,Rnd,GW,GD,Qual,Rnd,GW,GD,Qual,Rnd,GW,GD,Qual,Rnd,GW,GD,Qual,Rnd,GW,GD
Kukesi,Albania,12,,,,2,,,,,,,,,,,,,,,,,,,,,,,,,,,,,,,,,,,,,,,,,,,,,,,,,,,
Partizani,Albania,,,,,,,,,23,,,,,,,,,,,,,,,,,,,,,,,,,,,,,,,,,,,,,,,,,,,,,,,
Skenderbeu,Albania,,,,,,,,,,,,,23P,,,,2,,,,23,,,,2,,,,,,,,,,,,,,,,,,,,,,,,,,,,,,,
Lusitanos,Andorra,,,,,,,,,,,,,,,,,,,,,1,,,,1,,,,,,,,,,,,,,,,,,,,,,,,,,,,,,,
Santa Coloma,Andorra,Q,,,,1,,,,1,,,,1,,,,12,,,,,,,,,,,,,,,,,,,,,,,,,,,,,,,,,,,,,,,
Alashkert,Armenia,1,,,,12,,,,12,,,,,,,,,,,,,,,,,,,,,,,,,,,,,,,,,,,,,,,,,,,,,,,
Banats,Armenia,,,,,,,,,,,,,,,,,1,,,,,,,,,,,,,,,,,,,,,,,,,,,,,,,,,,,,,,,
Pyunik,Armenia,,,,,,,,,,,,,12,,,,,,,,,,,,,,,,,,,,,,,,,,,,,,,,,,,,,,,,,,,
Shirak,Armenia,,,,,,,,,,,,,,,,,,,,,12,,,,,,,,,,,,,,,,,,,,,,,,,,,,,,,,,,,
Ulisses,Armenia,,,,,,,,,,,,,,,,,,,,,,,,,2,,,,,,,,,,,,,,,,,,,,,,,,,,,,,,,
Austria Wien,Austria,,,,,,,,,,,,,,,,,,,,,3P,7,1,2,,,,,,,,,,,,,,,,,,,,,,,,,,,,,,,,
Rapid Wien,Austria,,,,,,,,,,,,,3P,,,,,,,,,,,,,,,,,,,,,,,,,,,,,,,,,,,,,,,,,7,,
Red Bull Salzburg,Austria,3P,,,,23,,,,23P,,,,3,,,,3P,,,,L,,,,2,,,,,,,,P,,,,P,,,,,,,,,,,,,,,,,,,
Sturm Graz,Austria,2,,,,,,,,,,,,,,,,,,,,,,,,,,,,P,,,,,,,,,,,,,,,,,,,,,,,,,,,
Neftchi Baku,Azerbaijan,,,,,,,,,,,,,,,,,,,,,2,,,,23,,,,,,,,,,,,,,,,,,,,,,,,,,,,,,,
Qarabag,Azerbaijan,123,,,,23P,7,,2,23,,,,23,,,,23,,,,,,,,,,,,,,,,,,,,,,,,,,,,,,,,,,,,,,,
BATE Borisov,Belarus,23P,,,,23,,,,23,,,,23P,7,1,2,23P,7,1,,2,,,,23P,6,2,,P,7,,2,,,,,,,,,,7,,3,,,,,,,,,,,,
Anderlecht,Belgium,,,,,,7,1,,L,,,,,,,,,6,1,3,,7,,1,3P,7,1,2,,,,,P,,,,P,,,,,,,,,,,,,7,,4,,7,1,
Club Brugge,Belgium,,6,1,3,L,,,,,7,,,3P,,,,,,,,,,,,L,,,,,,,,,,,,,,,,,,,,,,,,,,,,,6,2,1
Genk,Belgium,,,,,,,,,,,,,,,,,,,,,,,,,,,,,P,7,,3,,,,,,,,,,,,,,,,,,,,,,,,
Gent,Belgium,,,,,,,,,,,,,,5,3,1,,,,,,,,,,,,,,,,,,,,,,,,,,,,,,,,,,,,,,,,
Standard Liege,Belgium,L,,,,,,,,,,,,,,,,3P,,,,,,,,,,,,,,,,,,,,,6,1,2,,,,,,,,,,,,,,,,
Zulte Waregam,Belgium,,,,,,,,,,,,,,,,,,,,,L,,,,,,,,,,,,,,,,,,,,,,,,,,,,,,,,,,,
Sarajevo,Bosnia,,,,,,,,,,,,,2,,,,,,,,,,,,,,,,,,,,,,,,,,,,,,,,,,,,,,,,,,,
Zeljeznicar,Bosnia,,,,,,,,,,,,,,,,,,,,,2,,,,2,,,,,,,,,,,,,,,,,,,,,,,,,,,,,,,
Zrinjski Mostar,Bosnia,1,,,,2,,,,2,,,,,,,,2,,,,,,,,,,,,,,,,,,,,,,,,,,,,,,,,,,,,,,,
Levski Sofia,Bulgaria,,,,,,,,,,,,,,,,,,,,,,,,,,,,,,,,,,,,,P,,,,,,,,,,,,,7,,,,,,
Ludogorets Razgrad,Bulgaria,12,,,,23,,,,23P,6,,3,2,,,,23P,7,1,1,23P,,,,2,,,,,,,,,,,,,,,,,,,,,,,,,,,,,,,
Dinamo Zagreb,Croatia,23P,,,,,,,,23P,7,,,23P,7,1,,23,,,,23P,,,,23P,7,,1,P,7,,,,,,,,,,,,,,,,,,,,,,,,,,
Rijeka,Croatia,,,,,23P,,,,,,,,,,,,,,,,,,,,,,,,,,,,,,,,,,,,,,,,,,,,,,,,,,,
AEL Limassol,Cyprus,,,,,,,,,,,,,,,,,L,,,,,,,,23P,,,,,,,,,,,,,,,,,,,,,,,,,,,,,,,
Anorthosis,Cyprus,,,,,,,,,,,,,,,,,,,,,,,,,,,,,,,,,,,,,,,,,,7,1,3,,,,,,,,,,,,
APOEL,Cyprus,1,,,,23P,7,,2,23P,,,,23P,,,,3P,7,,,3,,,,,,,,P,4,2,3,,,,,P,7,,3,,,,,,,,,,,,,,,,
Slavia Prague,Czech,L,,,,3P,,,,,,,,,,,,,,,,,,,,,,,,,,,,,,,,,,,,,,,,,6,1,2,,,,,,,,
Slovan Liberec,Czech,,,,,,,,,,,,,,,,,,,,,,,,,23,,,,,,,,,,,,,,,,,,,,,,,,,,,,,,,
Sparta Prague,Czech,,,,,,,,,L,,,,L,,,,23,,,,,,,,,,,,,,,,P,,,,,,,,,,,,,,,,,,,,,7,,2
Viktoria Plzen,Czech,,6,2,1,L,,,,3P,,,,3,,,,,,,,23P,6,1,,,,,,P,6,1,2,,,,,,,,,,,,,,,,,,,,,,,,
Aalborg BK,Denmark,,,,,,,,,,,,,,,,,3P,,,,,,,,,,,,,,,,,,,,,,,,,6,1,3,,,,,,,,,,,,
Copenhagen,Denmark,,,,,23P,,,,23P,6,2,3,,,,,3P,,,,,7,1,1,3P,,,,P,,,,P,5,3,1,P,,,,,,,,,,,,,7,2,1,,,,
Midtjylland,Denmark,2,,,,,,,,,,,,23,,,,,,,,,,,,,,,,,,,,,,,,,,,,,,,,,,,,,,,,,,,
Nordsjaelland,Denmark,,,,,,,,,,,,,,,,,,,,,L,,,,,7,,1,,,,,,,,,,,,,,,,,,,,,,,,,,,,
Odense,Denmark,,,,,,,,,,,,,,,,,,,,,,,,,,,,,P,,,,,,,,,,,,,,,,,,,,,,,,,,,
Arsenal,England,,,,,,,,,,5,4,2,,5,3,,P,5,4,1,P,5,4,,,5,3,1,P,5,3,2,,5,4,,P,4,4,1,,3,3,2,,4,4,1,,5,3,2,,2,5,1
Chelsea,England,,,,,,5,3,2,,,,,,5,4,1,,5,4,2,,3,4,,,6,3,1,,1,3,2,,4,5,,,5,4,2,,3,3,2,,2,3,3,,3,4,1,,5,3,2
Leicester City,England,,,,,,,,,,4,4,1,,,,,,,,,,,,,,,,,,,,,,,,,,,,,,,,,,,,,,,,,,,,
Liverpool,England,,1,3,,P,2,3,3,,,,,,,,,,6,1,2,,,,,,,,,,,,,,,,,,6,2,1,,4,4,2,,3,3,1,,2,4,1,,5,3,3
Manchester City,England,,4,4,1,,4,5,,P,5,2,3,,3,4,,,5,2,2,,5,5,,,7,,3,,6,3,1,,,,,,,,,,,,,,,,,,,,,,,,
Manchester United,England,,4,3,1,,5,5,,,,,,P,6,2,2,,,,,,4,4,2,,5,4,,,6,2,3,,2,4,2,,4,4,1,,2,2,4,,1,5,1,,3,4,,,7,1,3
Tottenham Hotspur,England,,2,2,2,,5,5,1,,6,2,1,,,,,,,,,,,,,,,,,,,,,P,4,3,2,,,,,,,,,,,,,,,,,,,,
FCI Tallinn,Estonia,,,,,1,,,,,,,,,,,,,,,,,,,,,,,,,,,,,,,,,,,,,,,,,,,,,,,,,,,
Flora Tallinn,Estonia,1,,,,,,,,1,,,,,,,,,,,,,,,,2,,,,,,,,,,,,,,,,,,,,,,,,,,,,,,,
Levadia Tallinn,Estonia,,,,,,,,,,,,,1,,,,12,,,,,,,,,,,,,,,,,,,,,,,,,,,,,,,,,,,,,,,
Nomme Kalju,Estonia,,,,,,,,,,,,,,,,,,,,,23,,,,,,,,,,,,,,,,,,,,,,,,,,,,,,,,,,,
B36 Torshavn,Faeroes,,,,,,,,,1,,,,1,,,,,,,,,,,,1,,,,,,,,,,,,,,,,,,,,,,,,,,,,,,,
EB/Streymur,Faeroes,,,,,,,,,,,,,,,,,,,,,12,,,,,,,,,,,,,,,,,,,,,,,,,,,,,,,,,,,
HB,Faeroes,,,,,,,,,,,,,,,,,12,,,,,,,,,,,,,,,,,,,,,,,,,,,,,,,,,,,,,,,
Vikingur Gota,Faeroes,1,,,,12,,,,,,,,,,,,,,,,,,,,,,,,,,,,,,,,,,,,,,,,,,,,,,,,,,,
HJK,Finland,12,,,,,,,,,,,,23,,,,23,,,,2,,,,23,,,,,,,,,,,,,,,,,,,,,,,,,,,,,,,
IFK Mariehamn,Finland,,,,,2,,,,,,,,,,,,,,,,,,,,,,,,,,,,,,,,,,,,,,,,,,,,,,,,,,,
SJK,Finland,,,,,,,,,2,,,,,,,,,,,,,,,,,,,,,,,,,,,,,,,,,,,,,,,,,,,,,,,
Auxerre,France,,,,,,,,,,,,,,,,,,,,,,,,,,,,,,,,,P,6,1,,,,,,,,,,,,,,,,,,,,,
Bordeaux,France,,,,,,,,,,,,,,,,,,,,,,,,,,,,,,,,,,,,,,4,5,1,,6,2,1,,,,,,6,2,1,,,,
Lille,France,,,,,,,,,,,,,,,,,3P,,,,,,,,P,7,1,,,7,1,3,,,,,,,,,,,,,,,,,,5,2,3,,6,1,3
Lyon,France,,5,1,5,,,,,,6,2,2,,7,1,1,,,,,3P,,,,,,,,P,5,2,2,,5,3,1,P,3,4,1,,5,3,2,,5,3,1,,5,4,2,,4,5,1
Marseille,France,,,,,,,,,,,,,,,,,,,,,,7,,,,,,,,4,3,1,,5,4,,,6,2,1,,6,1,1,,6,2,1,,,,,,,,
Monaco,France,,7,,1,,7,,2,3P,3,3,2,3P,,,,,4,3,2,,,,,,,,,,,,,,,,,,,,,,,,,,,,,,,,,,,,
Montpelier,France,,,,,,,,,,,,,,,,,,,,,,,,,,7,,2,,,,,,,,,,,,,,,,,,,,,,,,,,,,
Nice,France,,,,,3P,,,,,,,,,,,,,,,,,,,,,,,,,,,,,,,,,,,,,,,,,,,,,,,,,,,
Paris Saint-Germain,France,,5,3,2,,5,5,,,5,3,3,,4,4,1,,4,4,1,,4,4,1,,4,5,,,,,,,,,,,,,,,,,,,,,,,,,,,,,
Dila Gori,Georgia,,,,,,,,,,,,,2,,,,,,,,,,,,,,,,,,,,,,,,,,,,,,,,,,,,,,,,,,,
Dinamo Tbilisi,Georgia,,,,,,,,,23,,,,,,,,2,,,,23,,,,,,,,,,,,,,,,,,,,,,,,,,,,,,,,,,,
Samtredia,Georgia,,,,,2,,,,,,,,,,,,,,,,,,,,,,,,,,,,,,,,,,,,,,,,,,,,,,,,,,,
Torpedo Kutaisi,Georgia,1,,,,,,,,,,,,,,,,,,,,,,,,,,,,,,,,,,,,,,,,,,,,,,,,,,,,,,,
Zestafoni,Georgia,,,,,,,,,,,,,,,,,,,,,,,,,2,,,,,,,,,,,,,,,,,,,,,,,,,,,,,,,
1899 Hoffenheim,Germany,,7,,3,P,,,,,,,,,,,,,,,,,,,,,,,,,,,,,,,,,,,,,,,,,,,,,,,,,,,
Bayer Leverkusen,Germany,,,,,,,,,,5,2,4,P,6,1,3,P,5,3,1,,5,3,1,,,,,,5,3,1,,,,,,,,,,,,,,,,,,,,,,,,
Bayern Munich,Germany,,5,4,2,,3,5,,,4,4,,,3,5,,,3,5,,,3,5,,,1,4,1,P,2,4,1,,5,5,,,2,3,1,,4,4,2,,,,,,4,3,3,,5,4,1
Borussia Dortmund,Germany,,5,4,1,,6,,2,,4,4,2,,,,,,5,4,1,,4,4,,,2,4,2,,7,1,1,,,,,,,,,,,,,,,,,,,,,,,,
Borussia Monchengladbach,Germany,,,,,,,,,P,6,1,2,,7,1,2,,,,,,,,,P,,,,,,,,,,,,,,,,,,,,,,,,,,,,,,,
Hamburger SV,Germany,,,,,,,,,,,,,,,,,,,,,,,,,,,,,,,,,,,,,,,,,,,,,,,,,,7,1,,,,,
RB Leipzig,Germany,,,,,,6,2,1,,,,,,,,,,,,,,,,,,,,,,,,,,,,,,,,,,,,,,,,,,,,,,,,
Schalke 04,Germany,,5,3,2,,,,,,,,,,,,,,5,2,2,,5,3,1,,5,3,3,,,,,,3,4,1,,,,,,,,,,4,2,2,,,,,,6,2,2
Stuttgart,Germany,,,,,,,,,,,,,,,,,,,,,,,,,,,,,,,,,,,,,P,5,2,3,,,,,,6,1,,,,,,,,,
Werder Bremen,Germany,,,,,,,,,,,,,,,,,,,,,,,,,,,,,,,,,P,7,1,2,,,,,,6,1,4,,6,2,,,6,3,1,,5,2,1
Wolfsburg,Germany,,,,,,,,,,,,,,4,4,,,,,,,,,,,,,,,,,,,,,,,6,2,1,,,,,,,,,,,,,,,,
Europa,Gibraltar,,,,,1,,,,,,,,,,,,,,,,,,,,,,,,,,,,,,,,,,,,,,,,,,,,,,,,,,,
Lincoln Red Imps,Gibraltar,Q,,,,,,,,12,,,,12,,,,1,,,,,,,,,,,,,,,,,,,,,,,,,,,,,,,,,,,,,,,
AEK Athens,Greece,3P,7,,,L,,,,,,,,,,,,,,,,,,,,,,,,,,,,,,,,,,,,,,,,,,,,,6,2,2,,,,
Olympiacos,Greece,,,,,3P,7,,1,3,,,,,6,3,,,6,3,,,5,3,1,,6,3,,,6,3,,,,,,P,5,3,1,,,,,,5,3,2,,7,,3,,7,1,1
Panathinaikos,Greece,,,,,,,,,,,,,L,,,,L,,,,,,,,3P,,,,,,,,,7,,2,P,,,,,5,3,1,,,,,,,,,,7,1,1
PAOK,Greece,23P,,,,,,,,L,,,,,,,,,,,,LP,,,,,,,,,,,,,,,,,,,,,,,,,,,,,,,,,,,
Debrecen,Hungary,,,,,,,,,,,,,,,,,23,,,,,,,,23,,,,,,,,,,,,P,7,,,,,,,,,,,,,,,,,,
Ferencvaros,Hungary,,,,,,,,,2,,,,,,,,,,,,,,,,,,,,,,,,,,,,,,,,,,,,,,,,,,,,,,,
Gyor,Hungary,,,,,,,,,,,,,,,,,,,,,2,,,,,,,,,,,,,,,,,,,,,,,,,,,,,,,,,,,
Honved,Hungary,,,,,2,,,,,,,,,,,,,,,,,,,,,,,,,,,,,,,,,,,,,,,,,,,,,,,,,,,
MOL Vidi,Hungary,123P,,,,,,,,,,,,23,,,,,,,,,,,,,,,,,,,,,,,,,,,,,,,,,,,,,,,,,,,
FH,Iceland,,,,,23,,,,2,,,,,,,,,,,,23,,,,,,,,,,,,,,,,,,,,,,,,,,,,,,,,,,,
KR,Iceland,,,,,,,,,,,,,,,,,2,,,,,,,,2,,,,,,,,,,,,,,,,,,,,,,,,,,,,,,,
Stjarnan,Iceland,,,,,,,,,,,,,2,,,,,,,,,,,,,,,,,,,,,,,,,,,,,,,,,,,,,,,,,,,
Valur,Iceland,1,,,,,,,,,,,,,,,,,,,,,,,,,,,,,,,,,,,,,,,,,,,,,,,,,,,,,,,
Cork City,Ireland,1,,,,,,,,,,,,,,,,,,,,,,,,,,,,,,,,,,,,,,,,,,,,,,,,,,,,,,,
Dundalk,Ireland,,,,,2,,,,23P,,,,2,,,,,,,,,,,,,,,,,,,,,,,,,,,,,,,,,,,,,,,,,,,
Shamrock Rovers,Ireland,,,,,,,,,,,,,,,,,,,,,,,,,2,,,,,,,,,,,,,,,,,,,,,,,,,,,,,,,
Sligo Rovers,Ireland,,,,,,,,,,,,,,,,,,,,,2,,,,,,,,,,,,,,,,,,,,,,,,,,,,,,,,,,,
St. Patrick's Athletic,Ireland,,,,,,,,,,,,,,,,,2,,,,,,,,,,,,,,,,,,,,,,,,,,,,,,,,,,,,,,,
Hapoel Be'er Sheva,Israel,12,,,,23P,,,,23P,,,,,,,,,,,,,,,,,,,,,,,,,,,,,,,,,,,,,,,,,,,,,,,
Hapoel Tel Aviv,Israel,,,,,,,,,,,,,,,,,,,,,,,,,,,,,,,,,P,7,1,2,,,,,,,,,,,,,,,,,,,,
Ironi Kiryat Shmona,Israel,,,,,,,,,,,,,,,,,,,,,,,,,23P,,,,,,,,,,,,,,,,,,,,,,,,,,,,,,,
Maccabi Haifa,Israel,,,,,,,,,,,,,,,,,,,,,,,,,,,,,P,,,,,,,,P,7,,,,,,,,,,,,,,,,,,
Maccabi Tel Aviv,Israel,,,,,,,,,,,,,23P,7,,,23,,,,23,,,,,,,,,,,,,,,,,,,,,,,,,,,,,,,,,,,
Fiorentina,Italy,,,,,,,,,,,,,,,,,,,,,,,,,,,,,,,,,,,,,P,5,5,,,6,1,3,,,,,,,,,,,,
Internazionale,Italy,,6,2,2,,,,,,,,,,,,,,,,,,,,,,,,,,5,3,1,,4,3,1,,1,2,3,,5,2,2,,5,5,,,5,3,1,,4,4,1
Juventus,Italy,,4,4,,,4,3,2,,2,4,2,,5,3,2,,2,3,1,,6,1,3,,4,3,3,,,,,,,,,,6,2,2,,5,3,3,,,,,,,,,,4,5,
Lazio,Italy,,,,,,,,,,,,,P,,,,,,,,,,,,,,,,,,,,,,,,,,,,,,,,,7,1,2,,,,,,,,
Milan,Italy,,,,,,,,,,,,,,,,,,,,,P,5,2,3,,5,2,2,,4,2,3,,5,2,2,,5,2,3,,,,,,5,4,1,,1,3,1,,3,3,2
Napoli,Italy,,6,2,3,P,6,2,,,5,3,2,,,,,P,,,,,6,4,,,,,,,5,3,2,,,,,,,,,,,,,,,,,,,,,,,,
Roma,Italy,,5,3,,,3,3,2,P,,,,,5,1,3,,6,1,2,,,,,,,,,,,,,,5,3,1,,,,,,5,4,,,4,3,2,,4,3,1,,,,
Udinese,Italy,,,,,,,,,,,,,,,,,,,,,,,,,P,,,,P,,,,,,,,,,,,,,,,,,,,,,,,,6,2,1
Sampdoria,Italy,,,,,,,,,,,,,,,,,,,,,,,,,,,,,,,,,P,,,,,,,,,,,,,,,,,,,,,,,
Aktobe,Kazakhstan,,,,,,,,,,,,,,,,,23,,,,,,,,,,,,,,,,,,,,,,,,,,,,,,,,,,,,,,,
Astana,Kazakhstan,123,,,,23P,,,,23,,,,23P,7,,4,,,,,,,,,,,,,,,,,,,,,,,,,,,,,,,,,,,,,,,,
Shakter Karagandy,Kazakhstan,,,,,,,,,,,,,,,,,,,,,23P,,,,2,,,,,,,,,,,,,,,,,,,,,,,,,,,,,,,
Drita,Kosovo,Q1,,,,,,,,,,,,,,,,,,,,,,,,,,,,,,,,,,,,,,,,,,,,,,,,,,,,,,,
Trepca '89,Kosovo,,,,,1,,,,,,,,,,,,,,,,,,,,,,,,,,,,,,,,,,,,,,,,,,,,,,,,,,,
Daigava Daigavapils,Latvia,,,,,,,,,,,,,,,,,,,,,2,,,,,,,,,,,,,,,,,,,,,,,,,,,,,,,,,,,
Liepaja,Latvia,,,,,,,,,2,,,,,,,,,,,,,,,,,,,,,,,,,,,,,,,,,,,,,,,,,,,,,,,
Spartaks Jurmala,Latvia,1,,,,2,,,,,,,,,,,,,,,,,,,,,,,,,,,,,,,,,,,,,,,,,,,,,,,,,,,
Ventspils,Latvia,,,,,,,,,,,,,2,,,,2,,,,,,,,2,,,,,,,,,,,,P,,,,,,,,,,,,,,,,,,,
Ekranas,Lithuania,,,,,,,,,,,,,,,,,,,,,2,,,,23,,,,,,,,,,,,,,,,,,,,,,,,,,,,,,,
Suduva Marijampole,Lithuania,12,,,,,,,,,,,,,,,,,,,,,,,,,,,,,,,,,,,,,,,,,,,,,,,,,,,,,,,
Zalgiris Vilnius,Lithuania,,,,,2,,,,2,,,,2,,,,2,,,,,,,,,,,,,,,,,,,,,,,,,,,,,,,,,,,,,,,
F91 Dudelange,Luxembourg,1,,,,2,,,,2,,,,,,,,2,,,,,,,,123,,,,,,,,,,,,,,,,,,,,,,,,,,,,,,,
Fola Esch,Luxembourg,,,,,,,,,,,,,2,,,,,,,,2,,,,,,,,,,,,,,,,,,,,,,,,,,,,,,,,,,,
Rabotnicki,Macedonia,,,,,,,,,,,,,,,,,2,,,,,,,,,,,,,,,,,,,,,,,,,,,,,,,,,,,,,,,
Shkendija,Macedonia,123,,,,,,,,,,,,,,,,,,,,,,,,,,,,,,,,,,,,,,,,,,,,,,,,,,,,,,,
Vardar,Macedonia,,,,,23,,,,2,,,,2,,,,,,,,2,,,,2,,,,,,,,,,,,,,,,,,,,,,,,,,,,,,,
Birkirkara,Malta,,,,,,,,,,,,,,,,,,,,,2,,,,,,,,,,,,,,,,,,,,,,,,,,,,,,,,,,,
Hibernians,Malta,,,,,12,,,,,,,,2,,,,,,,,,,,,,,,,,,,,,,,,,,,,,,,,,,,,,,,,,,,
Valetta,Malta,1,,,,,,,,12,,,,,,,,2,,,,,,,,12,,,,,,,,,,,,,,,,,,,,,,,,,,,,,,,
Milsami Orhei,Moldova,,,,,,,,,,,,,23,,,,,,,,,,,,,,,,,,,,,,,,,,,,,,,,,,,,,,,,,,,
Sherrif Tiraspol,Moldova,12,,,,23,,,,2,,,,,,,,23,,,,23,,,,23,,,,,,,,P,,,,P,,,,,,,,,,,,,,,,,,,
Buducnost Podgorica,Montenegro,,,,,2,,,,,,,,,,,,,,,,,,,,2,,,,,,,,,,,,,,,,,,,,,,,,,,,,,,,
Mladost Podgorica,Montenegro,,,,,,,,,2,,,,,,,,,,,,,,,,,,,,,,,,,,,,,,,,,,,,,,,,,,,,,,,
Rudar Pljevlja,Montenegro,,,,,,,,,,,,,2,,,,,,,,,,,,,,,,,,,,,,,,,,,,,,,,,,,,,,,,,,,
Sutjeska Niksic,Montenegro,1,,,,,,,,,,,,,,,,2,,,,2,,,,,,,,,,,,,,,,,,,,,,,,,,,,,,,,,,,
Ajax,Netherlands,23P,3,3,3,L,,,,3P,,,,L,,,,,6,,,,6,2,2,,6,1,1,,6,2,2,P,6,2,1,,,,,,,,,,,,,,,,,,5,3,2
AZ,Netherlands,,,,,,,,,,,,,,,,,,,,,,,,,,,,,,,,,,,,,,7,,4,,,,,,,,,,,,,,,,
Feyenoord,Netherlands,,,,,,7,1,,,,,,,,,,L,,,,,,,,L,,,,,,,,,,,,,,,,,,,,,,,,,,,,,,,
PSV Eindhoven,Netherlands,P,7,,2,,,,,,7,,2,,5,3,1,,,,,3P,,,,,,,,,,,,,,,,,,,,,7,1,,,6,2,1,,5,3,1,,5,3,1
Twente,Netherlands,,,,,,,,,,,,,,,,,,,,,,,,,,,,,P,,,,,6,1,3,,,,,,,,,,,,,,,,,,,,
Cliftonville,Northern Ireland,,,,,,,,,,,,,,,,,2,,,,2,,,,,,,,,,,,,,,,,,,,,,,,,,,,,,,,,,,
Crusaders,Northern Ireland,1,,,,,,,,2,,,,12,,,,,,,,,,,,,,,,,,,,,,,,,,,,,,,,,,,,,,,,,,,
Linfield,Northern Ireland,,,,,12,,,,,,,,,,,,,,,,,,,,12,,,,,,,,,,,,,,,,,,,,,,,,,,,,,,,
Molde,Norway,,,,,,,,,,,,,23,,,,,,,,23,,,,23,,,,,,,,,,,,,,,,,,,,,,,,,,,,,,,
Rosenborg,Norway,12,,,,23,,,,23,,,,,,,,,,,,,,,,,,,,,,,,P,,,,,,,,,,,,,6,2,1,,,,,,6,1,1
Stormsgodset,Norway,,,,,,,,,,,,,,,,,2,,,,,,,,,,,,,,,,,,,,,,,,,,,,,,,,,,,,,,,
Lech Poznan,Poland,,,,,,,,,,,,,23,,,,,,,,,,,,,,,,,,,,,,,,,,,,,,,,,,,,,,,,,,,
Legia Warsaw,Poland,12,,,,23,,,,23P,6,1,1,,,,,23,,,,23P,,,,,,,,,,,,,,,,,,,,,,,,,,,,,,,,,,,
Slask Wroclaw,Poland,,,,,,,,,,,,,,,,,,,,,,,,,23,,,,,,,,,,,,,,,,,,,,,,,,,,,,,,,
Wisla Krakow,Poland,,,,,,,,,,,,,,,,,,,,,,,,,,,,,P,,,,,,,,,,,,,,,,,,,,,,,,,,,
Benfica,Portugal,3P,6,2,1,,7,,,,5,2,2,,4,3,1,,7,1,2,,6,3,1,,6,2,2,P,4,3,3,,6,2,,,,,,,,,,,6,2,1,,6,2,1,,4,2,2
Braga,Portugal,,,,,,,,,,,,,,,,,,,,,,,,,P,7,1,,,,,,P,6,3,,,,,,,,,,,,,,,,,,,,,
Pacos de Ferreira,Portugal,,,,,,,,,,,,,,,,,,,,,P,,,,,,,,,,,,,,,,,,,,,,,,,,,,,,,,,,,
Porto,Portugal,,4,5,1,,5,3,1,P,5,3,2,,6,3,1,P,4,4,2,,6,1,2,,5,4,1,,6,2,2,,,,,,5,4,,,4,4,,,5,3,2,,5,3,2,,7,1,2
Sporting CP,Portugal,,,,,P,6,2,1,,7,1,,P,,,,,6,2,1,,,,,,,,,,,,,,,,,P,,,,,5,4,,,6,2,1,,7,1,2,,,,
Astra Giurgiu,Romania,,,,,,,,,3,,,,,,,,,,,,,,,,,,,,,,,,,,,,,,,,,,,,,,,,,,,,,,,
CFR Cluj,Romania,2,,,,,,,,,,,,,,,,,,,,,,,,3P,6,3,1,,,,,,7,1,1,,,,,,7,1,1,,,,,,,,,,,,
FCSB,Romania,,,,,3P,,,,,,,,,,,,,,,,,,,,,,,,,,,,,,,,,,,,,,,,,,,,,,,,,,,
Otelul Galati,Romania,,,,,,,,,,,,,,,,,,,,,,,,,,,,,,7,,,,,,,,,,,,,,,,,,,,,,,,,,
Steaua Bucuresti,Romania,,,,,,,,,3P,,,,23,,,,23P,,,,23P,7,,3,,,,,,,,,,,,,,,,,,7,,1,,7,,1,,6,1,2,,,,
Unirea Urizenci,Romania,,,,,,,,,,,,,,,,,,,,,,,,,,,,,,,,,,,,,,6,2,2,,,,,,,,,,,,,,,,
Vaslui,Romania,,,,,,,,,,,,,,,,,,,,,,,,,L,,,,,,,,,,,,,,,,,,,,,,,,,,,,,,,
Viitorul Constanta,Romania,,,,,3,,,,,,,,,,,,,,,,,,,,,,,,,,,,,,,,,,,,,,,,,,,,,,,,,,,
Timisoara,Romania,,,,,,,,,,,,,,,,,,,,,,,,,,,,,,,,,,,,,P,,,,,,,,,,,,,,,,,,,
CSKA Moscow,Russia,,7,2,1,3P,6,3,,,7,,3,3P,7,1,1,,7,1,2,,6,1,,,,,,,5,2,2,,,,,,4,3,1,,,,,,7,,1,,6,2,2,,,,
Lokomotiv Moscow,Russia,,7,1,,,,,,,,,,,,,,,,,,,,,,,,,,,,,,,,,,,,,,,,,,,,,,,,,,,,,
Rostov,Russia,,,,,,,,,3P,6,1,2,,,,,,,,,,,,,,,,,,,,,,,,,,,,,,,,,,,,,,,,,,,,
Rubin Kazan,Russia,,,,,,,,,,,,,,,,,,,,,,,,,,,,,P,,,,,6,1,3,,6,1,3,,,,,,,,,,,,,,,,
Spartak Moscow,Russia,L,,,,,6,1,3,,,,,,,,,,,,,,,,,P,7,1,,,,,,,6,3,,,,,,,,,,,,,,,6,1,2,,,,
Zenit Saint Petersburg,Russia,,,,,,,,,,,,,,5,5,,3P,6,2,1,3P,5,1,3,,6,2,1,,5,2,3,P,,,,,,,,,6,1,2,,,,,,,,,,,,
Folgore,San Marino,,,,,,,,,,,,,1,,,,,,,,,,,,,,,,,,,,,,,,,,,,,,,,,,,,,,,,,,,
La Fiorita,San Marino,Q,,,,1,,,,,,,,,,,,1,,,,,,,,,,,,,,,,,,,,,,,,,,,,,,,,,,,,,,,
Tre Penne,San Marino,,,,,,,,,1,,,,,,,,,,,,1,,,,1,,,,,,,,,,,,,,,,,,,,,,,,,,,,,,,
Celtic,Scotland,123,,,,23P,6,1,,23P,7,,3,23P,,,,23P,,,,23P,7,1,,3P,5,3,1,,,,,,,,,P,,,,,7,1,2,,5,3,,,5,3,,,,,
Motherwell,Scotland,,,,,,,,,,,,,,,,,,,,,,,,,L,,,,,,,,,,,,,,,,,,,,,,,,,,,,,,,
Rangers,Scotland,,,,,,,,,,,,,,,,,,,,,,,,,,,,,,,,,,6,1,3,,7,,2,,,,,,6,2,1,,,,,,5,1,4
Partizan,Serbia,,,,,23,,,,,,,,23P,,,,23,,,,23,,,,23,,,,,,,,P,7,,,,,,,,,,,,,,,,,,,,,,
Red Star Belgrade,Serbia,123P,7,1,1,,,,,23,,,,,,,,,,,,,,,,,,,,,,,,,,,,,,,,,,,,,,,,,,,,,,,
Artmedia Bratislava,Slovakia,,,,,,,,,,,,,,,,,,,,,,,,,,,,,,,,,,,,,,,,,,,,,,,,,,,,,,6,1,3
Slovan Bratislava,Slovakia,,,,,,,,,,,,,,,,,23P,,,,2,,,,,,,,,,,,,,,,,,,,,,,,,,,,,,,,,,,
Spartak Trnava,Slovakia,123,,,,,,,,,,,,,,,,,,,,,,,,,,,,,,,,,,,,,,,,,,,,,,,,,,,,,,,
Trencin,Slovakia,,,,,,,,,23,,,,2,,,,,,,,,,,,,,,,,,,,,,,,,,,,,,,,,,,,,,,,,,,
Zilina,Slovakia,,,,,2,,,,,,,,,,,,,,,,,,,,2,,,,,,,,P,7,,,,,,,,,,,,,,,,,,,,,,
Maribor,Slovenia,,,,,23P,7,,3,,,,,2,,,,23P,7,,3,23P,,,,23P,,,,,,,,,,,,,,,,,,,,,,,,,,,,,,,
Olympia Ljubljana,Slovenia,1,,,,,,,,2,,,,,,,,,,,,,,,,,,,,,,,,,,,,,,,,,,,,,,,,,,,,,,,
Athletic Bilbao,Spain,,,,,,,,,,,,,,,,,P,6,2,1,,,,,,,,,,,,,,,,,,,,,,,,,,,,,,,,,,,,
Atletico Madrid,Spain,,5,4,1,,6,1,4,,3,5,,,2,4,1,,4,4,1,,2,5,1,,,,,,,,,,,,,P,6,,3,,5,3,3,,,,,,,,,,,,
Barcelona,Spain,,3,4,2,,4,4,2,,4,5,,,4,4,2,,1,5,,,4,4,1,,3,4,1,,3,5,1,,1,4,2,,3,3,2,,1,4,1,,3,4,2,,5,3,2,,1,5,1
Malaga,Spain,,,,,,,,,,,,,,,,,,,,,,,,,P,4,3,3,,,,,,,,,,,,,,,,,,,,,,,,,,,,
Real Betis,Spain,,,,,,,,,,,,,,,,,,,,,,,,,,,,,,,,,,,,,,,,,,,,,,,,,,,,,,6,2,1
Real Madrid,Spain,,5,4,,,1,4,1,,1,3,3,,1,5,1,,3,6,,,1,5,1,,3,3,2,,3,6,,,3,5,1,,5,4,1,,5,4,,,5,3,2,,5,3,2,,5,3,1
Real Sociedad,Spain,,,,,,,,,,,,,,,,,,,,,P,7,,1,,,,,,,,,,,,,,,,,,,,,,,,,,,,,,,,
Sevilla,Spain,,,,,P,4,2,3,,5,3,2,,6,2,,,,,,,,,,,,,,,,,,P,,,,,5,4,1,,,,,,5,5,,,,,,,,,
Valencia,Spain,,6,2,2,,,,,,,,,P,6,2,,,,,,,,,,,5,4,1,,6,2,2,,5,3,2,,,,,,,,,,7,1,2,,5,4,1,,,,
Villarreal,Spain,,,,,,,,,P,,,,,,,,,,,,,,,,,,,,P,7,,,,,,,,,,,,4,2,3,,,,,,,,,,3,2,4
Elfsborg,Sweden,,,,,,,,,,,,,,,,,,,,,23,,,,,,,,,,,,,,,,,,,,,,,,,,,,,,,,,,,
Helsingborg,Sweden,,,,,,,,,,,,,,,,,,,,,,,,,23P,,,,,,,,,,,,,,,,,,,,,,,,,,,,,,,
IFK Norrkoping,Sweden,,,,,,,,,2,,,,,,,,,,,,,,,,,,,,,,,,,,,,,,,,,,,,,,,,,,,,,,,
Malmo FF,Sweden,123,,,,2,,,,,,,,23P,7,1,,23P,7,1,,,,,,,,,,P,,,,,,,,,,,,,,,,,,,,,,,,,,,
Basel,Switzerland,2,,,,,5,4,,,7,,2,3P,,,,,5,2,1,3P,6,2,2,23P,,,,,5,3,2,P,6,2,,,,,,,7,,1,,,,,,,,,,,,
Grasshopper,Switzerland,,,,,,,,,,,,,,,,,L,,,,L,,,,,,,,,,,,,,,,,,,,,,,,,,,,,,,,,,,
Thun,Switzerland,,,,,,,,,,,,,,,,,,,,,,,,,,,,,,,,,,,,,,,,,,,,,,,,,,,,,,6,1,1
Young Boys,Switzerland,P,7,1,1,3P,,,,3P,,,,L,,,,,,,,,,,,,,,,,,,,P,,,,,,,,,,,,,,,,,,,,,,,
Zurich,Switzerland,,,,,,,,,,,,,,,,,,,,,,,,,,,,,P,,,,,,,,P,7,1,1,,,,,,,,,,,,,,,,
Besiktas,Turkey,,,,,,5,4,2,,6,1,4,,,,,3P,,,,,,,,,,,,,,,,,,,,,7,1,1,,,,,,7,2,,,,,,,,,
Bursaspor,Turkey,,,,,,,,,,,,,,,,,,,,,,,,,,,,,,,,,,7,,1,,,,,,,,,,,,,,,,,,,,
Fenerbahce,Turkey,L,,,,,,,,L,,,,L,,,,,,,,3P,,,,3P,,,,,,,,,,,,,,,,,7,,2,,4,3,2,,,,,,7,1,1
Galatasary,Turkey,,6,1,1,,,,,,,,,,6,1,2,,7,,1,,5,2,1,,4,3,1,,,,,,,,,,,,,,,,,,,,,,7,1,1,,,,
Istanbul Basaksehir,Turkey,,,,,3P,,,,,,,,,,,,,,,,,,,,,,,,,,,,,,,,,,,,,,,,,,,,,,,,,,,
Trabzonspor,Turkey,,,,,,,,,,,,,,,,,,,,,,,,,,,,,,6,1,4,,,,,,,,,,,,,,,,,,,,,,,,
Dnipro Dnipropetrovsk,Ukraine,,,,,,,,,,,,,,,,,L,,,,,,,,,,,,,,,,,,,,,,,,,,,,,,,,,,,,,,,
Dynamo Kyiv,Ukraine,3P,,,,L,,,,,7,1,2,,5,3,2,,,,,,,,,3P,6,1,2,,,,,P,,,,,7,1,2,,6,2,2,,7,,,,7,,2,,,,
Metalist Kharkhiv,Ukraine,,,,,,,,,,,,,,,,,,,,,3,,,,,,,,,,,,,,,,,,,,,,,,,,,,,,,,,,,
Shakhtar Donetsk,Ukraine,,6,1,3,,5,4,,L,,,,3P,6,1,,,5,2,3,,6,2,2,,5,3,1,,7,1,2,,4,5,,,,,,,6,3,,,6,2,,,6,1,3,,,,
The New Saints,Wales,1,,,,12,,,,12,,,,12,,,,2,,,,2,,,,2,,,,,,,,,,,,,,,,,,,,,,,,,,,,,,,
