,,2019,,,,,2018,,,,,2017,,,,,2016,,,,,2015,,,,,2014,,,,,2013,,,,,2012,,,,,2011,,,,,2010,,,,,2009,,,,,2008,,,,,2007,,,,,2006,,,,
,,Qual,Rnd,GW,GD,GR,Qual,Rnd,GW,GD,GR,Qual,Rnd,GW,GD,GR,Qual,Rnd,GW,GD,GR,Qual,Rnd,GW,GD,GR,Qual,Rnd,GW,GD,GR,Qual,Rnd,GW,GD,GR,Qual,Rnd,GW,GD,GR,Qual,Rnd,GW,GD,GR,Qual,Rnd,GW,GD,GR,Qual,Rnd,GW,GD,GR,Qual,Rnd,GW,GD,GR,Qual,Rnd,GW,GD,GR,Qual,Rnd,GW,GD,GR
Kukesi,Albania,3,,,,,,,,,,,,,,,,,,,,,,,,,,,,,,,,,,,,,,,,,,,,,,,,,,,,,,,,,,,,,,,,,,,,,
Partizani,Albania,1,,,,,,,,,,,,,,,,,,,,,,,,,,,,,,,,,,,,,,,,,,,,,,,,,,,,,,,,,,,,,,,,,,,,,
Skenderbeu,Albania,,,,,,,7,1,2,4,,,,,,,7,1,,4,,,,,,,,,,,,,,,,,,,,,,,,,,,,,,,,,,,,,,,,,,,,,,,,,,
Luftetari,Albania,1,,,,,,,,,,,,,,,,,,,,,,,,,,,,,,,,,,,,,,,,,,,,,,,,,,,,,,,,,,,,,,,,,,,,,
Laci,Albania,12,,,,,,,,,,,,,,,,,,,,,,,,,,,,,,,,,,,,,,,,,,,,,,,,,,,,,,,,,,,,,,,,,,,,,
Engordany,Andorra,P1,,,,,,,,,,,,,,,,,,,,,,,,,,,,,,,,,,,,,,,,,,,,,,,,,,,,,,,,,,,,,,,,,,,,,
Sant Julia,Andorra,P,,,,,,,,,,,,,,,,,,,,,,,,,,,,,,,,,,,,,,,,,,,,,,,,,,,,,,,,,,,,,,,,,,,,,
Santa Coloma,Andorra,2,,,,,,,,,,,,,,,,,,,,,,,,,,,,,,,,,,,,,,,,,,,,,,,,,,,,,,,,,,,,,,,,,,,,,
Alashkert,Armenia,23,,,,,,,,,,,,,,,,,,,,,,,,,,,,,,,,,,,,,,,,,,,,,,,,,,,,,,,,,,,,,,,,,,,,,
Banats,Armenia,1,,,,,,,,,,,,,,,,,,,,,,,,,,,,,,,,,,,,,,,,,,,,,,,,,,,,,,,,,,,,,,,,,,,,,
Pyunik,Armenia,123,,,,,,,,,,,,,,,,,,,,,,,,,,,,,,,,,,,,,,,,,,,,,,,,,,,,,,,,,,,,,,,,,,,,,
Gandzasar Kapan,Armenia,1,,,,,,,,,,,,,,,,,,,,,,,,,,,,,,,,,,,,,,,,,,,,,,,,,,,,,,,,,,,,,,,,,,,,,
Austria Wien,Austria,,,,,,,7,1,2,4,,7,1,2,4,,,,,,,,,,,,,,,,,,,,,,7,2,2,3,,,,,,,7,,2,4,,,,,,,7,,1,,,7,,,,,,,,
Rapid Wien,Austria,3P,6,3,1,2,,,,,,,7,1,3,3,,6,5,,1,,,,,,,7,1,3,3,,7,1,,4,,,,,,,7,1,,3,,7,1,2,4,,,,,,,,,,,,,,,,,,,,
Red Bull Salzburg,Austria,,5,6,,1,,3,3,3,1,,7,2,1,3,,,,,,,6,5,1,1,,5,6,,1,,,,,,,6,3,1,2,,7,,2,4,,6,6,,1,,,,,,,,,,,,,,,,,,,,
Sturm Graz,Austria,3,,,,,,,,,,,,,,,,,,,,,,,,,,,,,,,,,,,,7,1,,4,,,,,,,7,1,1,4,,,,,,,,,,,,,,,,,,,,
Admira Wacker Modling,Austria,2,,,,,,,,,,,,,,,,,,,,,,,,,,,,,,,,,,,,,,,,,,,,,,,,,,,,,,,,,,,,,,,,,,,,,
LASK Linz,Austria,23,,,,,,,,,,,,,,,,,,,,,,,,,,,,,,,,,,,,,,,,,,,,,,,,,,,,,,,,,,,,,,,,,,,,,
Gabala,Azerbaijan,1,,,,,,,,,,,7,,,4,,7,,2,4,,,,,,,,,,,,,,,,,,,,,,,,,,,,,,,,,,,,,,,,,,,,,,,,,,
Nefchi Baku,Azerbaijan,1,,,,,,,,,,,,,,,,,,,,,,,,,,,,,,,7,,3,4,,,,,,,,,,,,,,,,,,,,,,,,,,,,,,,,,,,
Qarabag,Azerbaijan,P,7,1,,4,,,,,,,7,2,1,3,,7,1,1,4,,7,1,3,3,,,,,,,,,,,,,,,,,,,,,,,,,,,,,,,,,,,,,,,,,,,,,
Kesla,Azerbaijan,1,,,,,,,,,,,,,,,,,,,,,,,,,,,,,,,,,,,,,,,,,,,,,,,,,,,,,,,,,,,,,,,,,,,,,
BATE Borisov,Belarus,,6,3,,2,,7,1,2,4,,,,,,,,,,,,,,,,,,,,,,6,,,,,,,,,,6,3,1,2,,7,2,1,3,,,,,,,,,,,,,,,,,,,,
Dinamo Minsk,Belarus,123,,,,,,,,,,,,,,,,7,1,,4,,7,1,1,4,,,,,,,,,,,,,,,,,,,,,,,,,,,,,,,,,,,,,,,,,,,,,
Shakhtyor Soligorsk,Belarus,12,,,,,,,,,,,,,,,,,,,,,,,,,,,,,,,,,,,,,,,,,,,,,,,,,,,,,,,,,,,,,,,,,,,,,
Dynamo Brest,Belarus,23,,,,,,,,,,,,,,,,,,,,,,,,,,,,,,,,,,,,,,,,,,,,,,,,,,,,,,,,,,,,,,,,,,,,,
Anderlecht,Belgium,,7,,3,4,,,,,,,4,3,2,2,,5,3,1,2,,6,,,,,,,,,,,,,,,6,6,,1,,6,2,1,2,,5,3,2,1,,,,,,,5,1,2,,,,,,,,,,,
Club Brugge,Belgium,,6,,,,,,,,,,,,,,,7,1,2,3,,4,3,3,1,,,,,,,7,1,1,4,,6,3,2,1,,7,,3,4,,6,3,2,2,,7,,3,,,,,,,,7,,2,,,6,,,
Genk,Belgium,23P,6,3,2,1,,,,,,,4,4,,1,,,,,,,,,,,,6,4,2,1,,6,3,3,1,,,,,,,,,,,,,,,,,,,,,,,,,,,,,,,,,,,
Gent,Belgium,3P,,,,,,,,,,,5,2,2,2,,,,,,,,,,,,,,,,,,,,,,,,,,,7,2,1,3,,,,,,,,,,,,,,,,,,,,,,,,,
Lokeren,Belgium,,,,,,,,,,,,,,,,,,,,,,7,3,1,3,,,,,,,,,,,,,,,,,,,,,,,,,,,,,,,,,,,,,,,,,,,,,
Standard Liege,Belgium,,7,3,1,3,,,,,,,7,1,4,3,,,,,,,7,1,1,4,,7,,1,4,,,,,,,5,4,2,1,,,,,,,4,,,,,6,3,,,,,,,,,,,,,,,,,
Zulte Waregem,Belgium,,,,,,,7,2,1,3,,,,,,,,,,,,,,,,,7,2,1,3,,,,,,,,,,,,,,,,,,,,,,,,,,,,,,,,6,2,,,,,,,
Sarajevo,Bosnia,12,,,,,,,,,,,,,,,,,,,,,,,,,,,,,,,,,,,,,,,,,,,,,,,,,,,,,,,,,,,,,,,,,,,,,
Zrinjski Mostar,Bosnia,23,,,,,,,,,,,,,,,,,,,,,,,,,,,,,,,,,,,,,,,,,,,,,,,,,,,,,,,,,,,,,,,,,,,,,
Siroki Brijeg,Bosnia,1,,,,,,,,,,,,,,,,,,,,,,,,,,,,,,,,,,,,,,,,,,,,,,,,,,,,,,,,,,,,,,,,,,,,,
Zeljeznicar,Bosnia,12,,,,,,,,,,,,,,,,,,,,,,,,,,,,,,,,,,,,,,,,,,,,,,,,,,,,,,,,,,,,,,,,,,,,,
CSKA Sofia,Bulgaria,123,,,,,,,,,,,,,,,,,,,,,,,,,,,,,,,,,,,,,,,,,7,1,,4,,7,,1,4,,,,,,,,,,,,,,,,,7,1,,
Levski Sofia,Bulgaria,1,,,,,,,,,,,,,,,,,,,,,,,,,,,,,,,,,,,,,,,,,7,2,1,4,,7,1,,4,,,,,,,,,,,,,,,,,4,2,,
Litex Lovech,Bulgaria,,,,,,,,,,,,,,,,,,,,,,,,,,,,,,,,,,,,,,,,,,,,,,,,,,,,,,,,,,,,,,,,,,,6,2,,
Ludogorets Razgrad,Bulgaria,3P,7,,4,4,,6,2,3,1,,6,,,,,,,,,,,,,,,5,5,1,1,,,,,,,,,,,,,,,,,,,,,,,,,,,,,,,,,,,,,,,,
Slavia Sofia,Bulgaria,12,,,,,,,,,,,,,,,,,,,,,,,,,,,,,,,,,,,,,,,,,,,,,,,,,,,,,,,,,,,,,,,,,,,,,
Dinamo Zagreb,Croatia,,5,4,2,1,,,,,,,,,,,,,,,,,7,2,,3,,7,,1,4,,,,,,,,,,,,7,2,1,3,,7,2,,3,,7,1,,,,7,,2,,,,,,,,,,,
Hajduk Split,Croatia,23,,,,,,,,,,,,,,,,,,,,,,,,,,,,,,,,,,,,,,,,,7,1,,4,,,,,,,,,,,,,,,,,,,,,,,,,
Rijeka,Croatia,3,,,,,,7,2,1,3,,,,,,,,,,,,7,2,1,3,,7,,4,4,,,,,,,,,,,,,,,,,,,,,,,,,,,,,,,,,,,,,,,,
Osijek,Croatia,12,,,,,,,,,,,,,,,,,,,,,,,,,,,,,,,,,,,,,,,,,,,,,,,,,,,,,,,,,,,,,,,,,,,,,
AEK Larnaca,Cyprus,23P,7,1,2,3,,,,,,,,,,,,,,,,,,,,,,,,,,,,,,,,7,1,2,4,,,,,,,,,,,,,,,,,,,,,,,,,,,,,,
AEL Limassol,Cyprus,,,,,,,,,,,,,,,,,,,,,,,,,,,,,,,,7,1,1,4,,,,,,,,,,,,,,,,,,,,,,,,,,,,,,,,,,,
Anorthosis,Cyprus,,,,,,,,,,,,,,,,,,,,,,,,,,,,,,,,,,,,,,,,,,,,,,,,,,,,,,,,,,,,,,,,,,,,,,
APOEL,Cyprus,23P,,,,,,,,,,,5,4,,1,,7,1,,4,,,,,,,7,1,2,3,,,,,,,,,,,,,,,,,,,,,,,,,,,,,,,,,,,,,,,,
Apollon Limassol,Cyprus,123P,7,2,1,3,,7,,3,4,,,,,,,,,,,,7,1,,4,,7,1,1,3,,,,,,,,,,,,,,,,,,,,,,,,,,,,,,,,,,,,,,,,
Anorthosis Famagusta,Cyprus,1,,,,,,,,,,,,,,,,,,,,,,,,,,,,,,,,,,,,,,,,,,,,,,,,,,,,,,,,,,,,,,,,,,,,,
Fastav Zlin,Czech,,,,,,,7,,2,4,,,,,,,,,,,,,,,,,,,,,,,,,,,,,,,,,,,,,,,,,,,,,,,,,,,,,,,,,,,,
Jablonec,Czech,,7,1,2,4,,,,,,,,,,,,,,,,,,,,,,,,,,,,,,,,,,,,,,,,,,,,,,,,,,,,,,,,,,,,,,,,,
Mlada Boleslav,Czech,,,,,,,,,,,,,,,,,,,,,,,,,,,,,,,,,,,,,,,,,,,,,,,,,,,,,,,,,7,1,,,,7,,3,,,,,,
Slavia Prague,Czech,,4,3,1,2,,7,2,2,3,,,,,,,,,,,,7,3,1,3,,,,,,,,,,,,,,,,,,,,,,7,2,1,3,,7,,2,,,6,,,,,,,,,,6,1,1,
Slovan Liberec,Czech,,,,,,,,,,,,,,,,,7,2,1,3,,,,,,,6,2,3,2,,,,,,,,,,,,,,,,,,,,,,,,,,,,,,,,7,1,2,,,,,,
Sparta Prague,Czech,2,,,,,,,,,,,6,4,,1,,4,3,3,2,,,,,,,,,,,,6,2,3,2,,,,,,,6,2,3,2,,7,,3,4,,,,,,,7,1,1,,,7,1,1,,,,,,
Viktoria Plzen,Czech,,6,,,,,5,4,,1,,7,1,2,3,,7,1,1,3,,,,,,,5,,,,,5,4,1,1,,6,,,,,,,,,,,,,,,,,,,,,,,,,,,,,,,,,
Sigma Olomouc,Czech,3P,,,,,,,,,,,,,,,,,,,,,,,,,,,,,,,,,,,,,,,,,,,,,,,,,,,,,,,,,,,,,,,,,,,,,
Aalborg BK,Denmark,,,,,,,,,,,,,,,,,,,,,,6,3,,2,,,,,,,,,,,,,,,,,,,,,,,,,,,,,,,,7,1,1,,,,,,,,,,,
Brondby,Denmark,3P,,,,,,,,,,,,,,,,,,,,,,,,,,,,,,,,,,,,,,,,,,,,,,,,,,,,,,,,,,,,,,,,,,7,1,1,
Copenhagen,Denmark,123P,7,1,2,4,,6,2,3,1,,5,,,,,,,,,,7,1,1,4,,,,,,,7,2,2,3,,7,1,2,3,,,,,,,6,3,1,2,,6,1,2,,,7,1,,,,,,,,,,,,
Esbjerg,Denmark,,,,,,,,,,,,,,,,,,,,,,,,,,,6,4,,2,,,,,,,,,,,,,,,,,,,,,,,,,,,,,,,,,,,,,,,,
Midtjylland,Denmark,3P,,,,,,,,,,,,,,,,6,2,1,2,,,,,,,,,,,,,,,,,,,,,,,,,,,,,,,,,,,,,,,,,,,,,,,,,,
Nordsjaelland,Denmark,123,,,,,,,,,,,,,,,,,,,,,,,,,,,,,,,,,,,,,,,,,,,,,,,,,,,,,,,,,,,,,,,,,,,,,
Odense,Denmark,,,,,,,,,,,,,,,,,,,,,,,,,,,,,,,,,,,,,7,1,1,4,,7,1,1,4,,,,,,,,,,,,,,,,,7,1,1,,,,,,
Arsenal,England,,2,5,1,1,,3,4,1,1,,,,,,,,,,,,,,,,,,,,,,,,,,,,,,,,,,,,,,,,,,,,,,,,,,,,,,,,,,,,
Aston Villa,England,,,,,,,,,,,,,,,,,,,,,,,,,,,,,,,,,,,,,,,,,,,,,,,,,,,,6,2,,,,,,,,,,,,,,,,,
Birmingham City,England,,,,,,,,,,,,,,,,,,,,,,,,,,,,,,,,,,,,,7,3,1,3,,,,,,,,,,,,,,,,,,,,,,,,,,,,,,
Blackburn Rovers,England,,,,,,,,,,,,,,,,,,,,,,,,,,,,,,,,,,,,,,,,,,,,,,,,,,,,,,,,,,,,,,6,3,1,,,,,,
Bolton Wanderers,England,,,,,,,,,,,,,,,,,,,,,,,,,,,,,,,,,,,,,,,,,,,,,,,,,,,,,,,,,5,1,3,,,,,,,,6,1,3,
Burnley,England,23P,,,,,,,,,,,,,,,,,,,,,,,,,,,,,,,,,,,,,,,,,,,,,,,,,,,,,,,,,,,,,,,,,,,,,
Chelsea,England,,1,5,1,1,,,,,,,,,,,,,,,,,,,,,,,,,,,1,,,,,,,,,,,,,,,,,,,,,,,,,,,,,,,,,,,,,,
Everton,England,,,,,,,7,1,1,3,,,,,,,,,,,,5,3,2,1,,,,,,,,,,,,,,,,,,,,,,6,3,,2,,,,,,,5,4,,,,,,,,,,,,
Fulham,England,,,,,,,,,,,,,,,,,,,,,,,,,,,,,,,,,,,,,7,2,2,3,,,,,,,2,3,2,2,,,,,,,,,,,,,,,,,,,,
Leicester City,England,,,,,,,,,,,,,,,,,,,,,,,,,,,,,,,,,,,,,,,,,,,,,,,,,,,,,,,,,,,,,,,,,,,,,,
Liverpool,England,,,,,,,,,,,,,,,,,2,2,4,1,,6,,,,,,,,,,6,3,1,1,,,,,,,5,2,4,1,,3,,,,,,,,,,,,,,,,,,,,,,,
Manchester City,England,,,,,,,,,,,,,,,,,,,,,,,,,,,,,,,,,,,,,5,,,,,5,3,2,1,,,,,,,4,2,1,,,,,,,,,,,,,,,,
Manchester United,England,,,,,,,,,,,,1,4,,2,,5,,,,,,,,,,,,,,,,,,,,5,,,,,,,,,,,,,,,,,,,,,,,,,,,,,,,,,
Middlesbrough,England,,,,,,,,,,,,,,,,,,,,,,,,,,,,,,,,,,,,,,,,,,,,,,,,,,,,,,,,,,,,,,,,,,,2,3,1,
Newcastle United,England,,,,,,,,,,,,,,,,,,,,,,,,,,,,,,,,4,2,3,2,,,,,,,,,,,,,,,,,,,,,,,,,,,5,3,,,,,,,
Portsmouth,England,,,,,,,,,,,,,,,,,,,,,,,,,,,,,,,,,,,,,,,,,,,,,,,,,,,,7,1,1,,,,,,,,,,,,,,,,
Southampton,England,,,,,,,,,,,,7,2,2,3,,,,,,,,,,,,,,,,,,,,,,,,,,,,,,,,,,,,,,,,,,,,,,,,,,,,,,,
Stoke City,England,,,,,,,,,,,,,,,,,,,,,,,,,,,,,,,,,,,,,6,3,2,2,,,,,,,,,,,,,,,,,,,,,,,,,,,,,,
Swansea City,England,,,,,,,,,,,,,,,,,,,,,,,,,,,6,2,2,2,,,,,,,,,,,,,,,,,,,,,,,,,,,,,,,,,,,,,,,,
Tottenham Hotspur,England,,,,,,,,,,,,6,,,,,5,,,,,6,3,2,2,,5,6,,1,,4,2,4,2,,7,3,1,3,,,,,,,,,,,,6,2,1,,,5,2,1,,,4,4,,,,,,,
Wigan Athletic,England,,,,,,,,,,,,,,,,,,,,,,,,,,,7,1,2,4,,,,,,,,,,,,,,,,,,,,,,,,,,,,,,,,,,,,,,,,
FCI Tallinn,Estonia,,,,,,,,,,,,,,,,,,,,,,,,,,,,,,,,,,,,,,,,,,,,,,,,,,,,,,,,,,,,,,,,,,,,,,
Flora Tallinn,Estonia,2,,,,,,,,,,,,,,,,,,,,,,,,,,,,,,,,,,,,,,,,,,,,,,,,,,,,,,,,,,,,,,,,,,,,,
Levadia Tallinn,Estonia,,,,,,,,,,,,,,,,,,,,,,,,,,,,,,,,,,,,,,,,,,,,,,,,,,,,,,,,,,,,,,,,,,,,,,
Nomme Kalju,Estonia,1,,,,,,,,,,,,,,,,,,,,,,,,,,,,,,,,,,,,,,,,,,,,,,,,,,,,,,,,,,,,,,,,,,,,,
Narva Trans,Estonia,1,,,,,,,,,,,,,,,,,,,,,,,,,,,,,,,,,,,,,,,,,,,,,,,,,,,,,,,,,,,,,,,,,,,,,
FCI Levaida,Estonia,1,,,,,,,,,,,,,,,,,,,,,,,,,,,,,,,,,,,,,,,,,,,,,,,,,,,,,,,,,,,,,,,,,,,,,
B36 Torshavn,Faeroes,P12,,,,,,,,,,,,,,,,,,,,,,,,,,,,,,,,,,,,,,,,,,,,,,,,,,,,,,,,,,,,,,,,,,,,,
HB,Faeroes,,,,,,,,,,,,,,,,,,,,,,,,,,,,,,,,,,,,,,,,,,,,,,,,,,,,,,,,,,,,,,,,,,,,,,
Vikingur Gota,Faeroes,2,,,,,,,,,,,,,,,,,,,,,,,,,,,,,,,,,,,,,,,,,,,,,,,,,,,,,,,,,,,,,,,,,,,,,
Kl Klaksvik,Faeroes,P1,,,,,,,,,,,,,,,,,,,,,,,,,,,,,,,,,,,,,,,,,,,,,,,,,,,,,,,,,,,,,,,,,,,,,
NSI Runavik,Faeroes,1,,,,,,,,,,,,,,,,,,,,,,,,,,,,,,,,,,,,,,,,,,,,,,,,,,,,,,,,,,,,,,,,,,,,,
HJK,Finland,3,,,,,,,,,,,,,,,,,,,,,7,2,,3,,,,,,,,,,,,,,,,,,,,,,,,,,,,,,,,,,,,,,,,,,,,,
IFK Mariehamn,Finland,,,,,,,,,,,,,,,,,,,,,,,,,,,,,,,,,,,,,,,,,,,,,,,,,,,,,,,,,,,,,,,,,,,,,,
SJK,Finland,,,,,,,,,,,,,,,,,,,,,,,,,,,,,,,,,,,,,,,,,,,,,,,,,,,,,,,,,,,,,,,,,,,,,,
Ilves,Finland,1,,,,,,,,,,,,,,,,,,,,,,,,,,,,,,,,,,,,,,,,,,,,,,,,,,,,,,,,,,,,,,,,,,,,,
Lahti,Finland,1,,,,,,,,,,,,,,,,,,,,,,,,,,,,,,,,,,,,,,,,,,,,,,,,,,,,,,,,,,,,,,,,,,,,,
KuPS,Finland,1,,,,,,,,,,,,,,,,,,,,,,,,,,,,,,,,,,,,,,,,,,,,,,,,,,,,,,,,,,,,,,,,,,,,,
Auxerre,France,,,,,,,,,,,,,,,,,,,,,,,,,,,,,,,,,,,,,,,,,,,,,,,,,,,,,,,,,,,,,,7,1,1,,,,,,
Bordeaux,France,23P,7,2,1,3,,,,,,,,,,,,7,,4,4,,,,,,,7,1,,4,,5,4,1,1,,,,,,,,,,,,,,,,,6,,,,,6,4,,,,6,,,,,,,,
Guingamp,France,,,,,,,,,,,,,,,,,,,,,,6,3,1,2,,,,,,,,,,,,,,,,,,,,,,,,,,,,,,,,,,,,,,,,,,,,,
Lens,France,,,,,,,,,,,,,,,,,,,,,,,,,,,,,,,,,,,,,,,,,,,,,,,,,,,,,,,,,,,,,,5,1,1,,,6,2,1,
Lille,France,,,,,,,,,,,,,,,,,,,,,,7,,4,4,,,,,,,,,,,,,,,,,6,2,2,2,,5,3,1,2,,,,,,,,,,,,,,,,,5,,,
Lyon,France,,,,,,,5,3,2,2,,3,,,,,,,,,,,,,,,4,3,3,1,,6,5,1,1,,,,,,,,,,,,,,,,,,,,,,,,,,,,,,,,,,,
Marseille,France,,7,,1,3,,2,,,,,,,,,,6,4,,2,,,,,,,7,1,2,3,,,,,,,,,,,,,,,,,5,,,,,4,,,,,5,,,,,,,,,,5,3,,
Monaco,France,,,,,,,,,,,,,,,,,7,1,3,3,,,,,,,,,,,,,,,,,,,,,,,,,,,,,,,,,,,,,,,,,,,,,,,6,3,,
Montpelier,France,,,,,,,,,,,,,,,,,,,,,,,,,,,,,,,,,,,,,,,,,,,,,,,,,,,,,,,,,,,,,,,,,,,,,,
Nancy,France,,,,,,,,,,,,,,,,,,,,,,,,,,,,,,,,,,,,,,,,,,,,,,,,,,,,7,1,1,,,,,,,,6,2,1,,,,,,
Nice,France,,,,,,,6,3,,2,,7,2,,4,,,,,,,,,,,,,,,,,,,,,,,,,,,,,,,,,,,,,,,,,,,,,,,,,,,,,,,
Paris Saint-Germain,France,,,,,,,,,,,,,,,,,,,,,,,,,,,,,,,,,,,,,7,3,1,3,,5,3,3,1,,,,,,,4,1,2,,,,,,,,5,1,2,,,,,,
Rennes,France,,5,3,,2,,,,,,,,,,,,,,,,,,,,,,,,,,,,,,,,7,,3,4,,,,,,,,,,,,,,,,,7,,2,,,,,,,,7,,,
Saint-Etienne,France,,,,,,,,,,,,6,3,3,1,,6,2,3,2,,7,,5,4,,,,,,,,,,,,,,,,,,,,,,,,,,,5,2,2,,,,,,,,,,,,,,,,
Strasbourg,France,,,,,,,,,,,,,,,,,,,,,,,,,,,,,,,,,,,,,,,,,,,,,,,,,,,,,,,,,,,,,,,,,,,5,2,2,
Toulouse,France,,,,,,,,,,,,,,,,,,,,,,,,,,,,,,,,,,,,,,,,,,,,,,,7,2,1,3,,,,,,,7,1,,,,,,,,,,,,
Dila Gori,Georgia,,,,,,,,,,,,,,,,,,,,,,,,,,,,,,,,,,,,,,,,,,,,,,,,,,,,,,,,,,,,,,,,,,,,,,
Dinamo Tbilisi,Georgia,1,,,,,,,,,,,,,,,,,,,,,,,,,,,,,,,,,,,,,,,,,,,,,,,,,,,,,,,,,,,,,,,,,,,,,
Samtredia,Georgia,1,,,,,,,,,,,,,,,,,,,,,,,,,,,,,,,,,,,,,,,,,,,,,,,,,,,,,,,,,,,,,,,,,,,,,
Torpedo Kutaisi,Georgia,23P,,,,,,,,,,,,,,,,,,,,,,,,,,,,,,,,,,,,,,,,,,,,,,,,,,,,,,,,,,,,,,,,,,,,,
Cjikhura Sachkhere,Georgia,12,,,,,,,,,,,,,,,,,,,,,,,,,,,,,,,,,,,,,,,,,,,,,,,,,,,,,,,,,,,,,,,,,,,,,
1 FC Koln,Germany,,,,,,,7,2,,3,,,,,,,,,,,,,,,,,,,,,,,,,,,,,,,,,,,,,,,,,,,,,,,,,,,,,,,,,,,,
1899 Hoffenheim,Germany,,,,,,,7,1,2,4,,,,,,,,,,,,,,,,,,,,,,,,,,,,,,,,,,,,,,,,,,,,,,,,,,,,,,,,,,,,
Augsburg,Germany,,,,,,,,,,,,,,,,,6,3,,2,,,,,,,,,,,,,,,,,,,,,,,,,,,,,,,,,,,,,,,,,,,,,,,,,,
Bayer Leverkusen,Germany,,6,4,1,1,,,,,,,,,,,,5,,,,,,,,,,,,,,,6,4,1,2,,,,,,,5,3,3,1,,,,,,,,,,,,4,3,,,,4,1,1,,,,,,
Bayern Munich,Germany,,,,,,,,,,,,,,,,,,,,,,,,,,,,,,,,,,,,,,,,,,,,,,,,,,,,,,,,,3,2,2,,,,,,,,,,,
Borussia Dortmund,Germany,,,,,,,5,,,,,,,,,,4,3,1,2,,,,,,,,,,,,,,,,,,,,,,7,2,3,3,,,,,,,,,,,,,,,,,,,,,,,,,
Borussia Monchengladbach,Germany,,,,,,,,,,,,5,,,,,,,,,,6,3,3,1,,,,,,,6,3,2,2,,,,,,,,,,,,,,,,,,,,,,,,,,,,,,,,,,,
Eintract Frankfurt,Germany,,3,6,,1,,,,,,,,,,,,,,,,,,,,,,6,5,,1,,,,,,,,,,,,,,,,,,,,,,,,,,,,,,,,7,,3,,,,,,
Freiburg,Germany,,,,,,,,,,,,,,,,,,,,,,,,,,,7,1,3,3,,,,,,,,,,,,,,,,,,,,,,,,,,,,,,,,,,,,,,,,
Hamburger SV,Germany,,,,,,,,,,,,,,,,,,,,,,,,,,,,,,,,,,,,,,,,,,,,,,,3,3,1,2,,3,3,,,,5,3,1,,,,,,,,5,3,,
Hannover 96,Germany,,,,,,,,,,,,,,,,,,,,,,,,,,,,,,,,6,3,3,1,,4,3,2,2,,,,,,,,,,,,,,,,,,,,,,,,,,,,,,
Hertha BSC,Germany,,,,,,,7,1,2,4,,,,,,,,,,,,,,,,,,,,,,,,,,,,,,,,,,,,,6,3,1,2,,7,,2,,,,,,,,,,,,,6,1,3,
Mainz 05,Germany,,,,,,,,,,,,7,2,3,3,,,,,,,,,,,,,,,,,,,,,,,,,,,,,,,,,,,,,,,,,,,,,,,,,,,,,,,
Nurnberg,Germany,,,,,,,,,,,,,,,,,,,,,,,,,,,,,,,,,,,,,,,,,,,,,,,,,,,,,,,,,6,2,1,,,,,,,,,,,
RB Leipzig,Germany,23P,7,2,1,3,,4,,,,,,,,,,,,,,,,,,,,,,,,,,,,,,,,,,,,,,,,,,,,,,,,,,,,,,,,,,,,,,,
Schalke 04,Germany,,,,,,,,,,,,4,5,,1,,6,4,2,1,,,,,,,,,,,,,,,,,4,4,2,1,,,,,,,,,,,,7,1,1,,,,,,,,,,,,,3,,,
Stuttgart,Germany,,,,,,,,,,,,,,,,,,,,,,,,,,,,,,,,5,2,2,2,,,,,,,6,5,,1,,,,,,,6,2,1,,,,,,,,,,,,,6,3,,
Werder Bremen,Germany,,,,,,,,,,,,,,,,,,,,,,,,,,,,,,,,,,,,,,,,,,,,,,,5,5,1,1,,2,,,,,5,,,,,3,,,,,,,,
Wolfsburg,Germany,,,,,,,,,,,,,,,,,,,,,,4,3,1,2,,,,,,,,,,,,,,,,,,,,,,4,,,,,6,3,1,,,,,,,,,,,,,,,,
Europa,Gibraltar,P,,,,,,,,,,,,,,,,,,,,,,,,,,,,,,,,,,,,,,,,,,,,,,,,,,,,,,,,,,,,,,,,,,,,,
Lincoln Red Imps,Gibraltar,2,,,,,,,,,,,,,,,,,,,,,,,,,,,,,,,,,,,,,,,,,,,,,,,,,,,,,,,,,,,,,,,,,,,,,
St. Joseph's,Gibraltar,P,,,,,,,,,,,,,,,,,,,,,,,,,,,,,,,,,,,,,,,,,,,,,,,,,,,,,,,,,,,,,,,,,,,,,
AEK Athens,Greece,,,,,,,6,1,5,2,,,,,,,,,,,,,,,,,,,,,,,,,,,7,1,,3,,7,2,1,3,,7,1,1,4,,,,,,,6,1,2,,,6,,,,,,,,
Aris,Greece,,,,,,,,,,,,,,,,,,,,,,,,,,,,,,,,,,,,,,,,,,6,3,1,2,,,,,,,,,,,,7,1,2,,,,,,,,,,,
Asteras Tripoli,Greece,2,,,,,,,,,,,,,,,,7,1,1,3,,7,1,3,3,,,,,,,,,,,,,,,,,,,,,,,,,,,,,,,,,,,,,,,,,,,,,
Larissa,Greece,,,,,,,,,,,,,,,,,,,,,,,,,,,,,,,,,,,,,,,,,,,,,,,,,,,,,,,,,7,,,,,,,,,,,,,
Olympiacos,Greece,3P,6,3,1,1,,,,,,,5,2,2,1,,6,,,,,6,,,,,,,,,,6,,,,,5,,,,,,,,,,,,,,,6,2,,,,,,,,,,,,,,,,,
Panathinaikos,Greece,,,,,,,,,,,,7,,1,4,,,,,,,7,,2,4,,,,,,,7,1,2,3,,,,,,,,,,,,5,4,,2,,,,,,,6,3,,,,6,2,1,,,,,,
Panionios,Greece,,,,,,,,,,,,,,,,,,,,,,,,,,,,,,,,,,,,,,,,,,,,,,,,,,,,,,,,,7,1,1,,,,,,,,,,,
PAOK,Greece,,7,1,,4,,,,,,,6,3,1,2,,7,1,4,3,,7,2,1,3,,6,3,3,2,,,,,,,6,3,3,1,,6,3,2,2,,,,,,,,,,,,,,,,,,,,,,7,1,,
Atromitos,Greece,2,,,,,,,,,,,,,,,,,,,,,,,,,,,,,,,,,,,,,,,,,,,,,,,,,,,,,,,,,,,,,,,,,,,,,
Debrecen,Hungary,,,,,,,,,,,,,,,,,,,,,,,,,,,,,,,,,,,,,,,,,,7,1,,4,,,,,,,,,,,,,,,,,,,,,,,,,
Ferencvaros,Hungary,1,,,,,,,,,,,,,,,,,,,,,,,,,,,,,,,,,,,,,,,,,,,,,,,,,,,,,,,,,,,,,,,,,,,,,
Honved,Hungary,12,,,,,,,,,,,,,,,,,,,,,,,,,,,,,,,,,,,,,,,,,,,,,,,,,,,,,,,,,,,,,,,,,,,,,
MOL Vidi,Hungary,,7,2,1,3,,,,,,,,,,,,,,,,,,,,,,,,,,,7,2,,3,,,,,,,,,,,,,,,,,,,,,,,,,,,,,,,,,,,
Ujpest,Hungary,12,,,,,,,,,,,,,,,,,,,,,,,,,,,,,,,,,,,,,,,,,,,,,,,,,,,,,,,,,,,,,,,,,,,,,
FH,Iceland,12,,,,,,,,,,,,,,,,,,,,,,,,,,,,,,,,,,,,,,,,,,,,,,,,,,,,,,,,,,,,,,,,,,,,,
KR,Iceland,,,,,,,,,,,,,,,,,,,,,,,,,,,,,,,,,,,,,,,,,,,,,,,,,,,,,,,,,,,,,,,,,,,,,,
Stjarnan,Iceland,12,,,,,,,,,,,,,,,,,,,,,,,,,,,,,,,,,,,,,,,,,,,,,,,,,,,,,,,,,,,,,,,,,,,,,
Valur,Iceland,23,,,,,,,,,,,,,,,,,,,,,,,,,,,,,,,,,,,,,,,,,,,,,,,,,,,,,,,,,,,,,,,,,,,,,
IBV,Iceland,1,,,,,,,,,,,,,,,,,,,,,,,,,,,,,,,,,,,,,,,,,,,,,,,,,,,,,,,,,,,,,,,,,,,,,
Cork City,Ireland,23,,,,,,,,,,,,,,,,,,,,,,,,,,,,,,,,,,,,,,,,,,,,,,,,,,,,,,,,,,,,,,,,,,,,,
Dundalk,Ireland,12,,,,,,,,,,,7,1,1,4,,,,,,,,,,,,,,,,,,,,,,,,,,,,,,,,,,,,,,,,,,,,,,,,,,,,,,,
Shamrock Rovers,Ireland,1,,,,,,,,,,,,,,,,,,,,,,,,,,,,,,,,,,,,7,,,,,,,,,,,,,,,,,,,,,,,,,,,,,,,,,
St. Patrick's Athletic,Ireland,,,,,,,,,,,,,,,,,,,,,,,,,,,,,,,,,,,,,,,,,,,,,,,,,,,,,,,,,,,,,,,,,,,,,,
Derry City,Ireland,1,,,,,,,,,,,,,,,,,,,,,,,,,,,,,,,,,,,,,,,,,,,,,,,,,,,,,,,,,,,,,,,,,,,,,
Hapoel Be'er Sheva,Israel,3,,,,,,7,1,1,4,,6,2,2,2,,,,,,,,,,,,,,,,,,,,,,,,,,,,,,,,,,,,,,,,,,,,,,,,,,,,,,,
Hapoel Tel Aviv,Israel,,,,,,,,,,,,,,,,,,,,,,,,,,,,,,,,7,1,1,4,,7,2,1,3,,,,,,,6,4,,1,,,,,,,7,1,,,,6,1,2,,,,,,
Hapoel Haifa,Israel,23,,,,,,,,,,,,,,,,,,,,,,,,,,,,,,,,,,,,,,,,,,,,,,,,,,,,,,,,,,,,,,,,,,,,,
Ironi Kiryat Shmona,Israel,,,,,,,,,,,,,,,,,,,,,,,,,,,,,,,,7,,2,4,,,,,,,,,,,,,,,,,,,,,,,,,,,,,,,,,,,
Maccabi Haifa,Israel,,,,,,,,,,,,,,,,,,,,,,,,,,,7,1,2,3,,,,,,,7,2,,3,,,,,,,,,,,,,,,,,,,,,,5,2,1,,,,,,
Maccabi Petah Tikva,Israel,,,,,,,,,,,,,,,,,,,,,,,,,,,,,,,,,,,,,,,,,,,,,,,,,,,,,,,,,,,,,,,,,,,7,,,
Maccabi Tel Aviv,Israel,123P,,,,,,7,1,1,4,,7,2,1,3,,,,,,,,,,,,6,3,2,2,,,,,,,7,,2,4,,,,,,,,,,,,,,,,,,,,,,,,,,,,,,
Beitar Jerusalem,Israel,1,,,,,,,,,,,,,,,,,,,,,,,,,,,,,,,,,,,,,,,,,,,,,,,,,,,,,,,,,,,,,,,,,,,,,
Atalanta,Italy,23P,,,,,,6,4,2,1,,,,,,,,,,,,,,,,,,,,,,,,,,,,,,,,,,,,,,,,,,,,,,,,,,,,,,,,,,,,
Fiorentina,Italy,,,,,,,,,,,,6,4,1,1,,6,,,,,3,4,1,1,,5,5,1,1,,,,,,,,,,,,,,,,,,,,,,6,,,,,3,2,2,,,,,,,,,,,
Genoa,Italy,,,,,,,,,,,,,,,,,,,,,,,,,,,,,,,,,,,,,,,,,,,,,,,7,2,1,3,,,,,,,,,,,,,,,,,,,,
Internazionale,Italy,,5,,,,,,,,,,7,2,,4,,,,,,,5,3,3,1,,,,,,,5,3,2,2,,,,,,,,,,,,,,,,,,,,,,,,,,,,,,,,,,,
Juventus,Italy,,,,,,,,,,,,,,,,,,,,,,,,,,,3,,,,,,,,,,,,,,,7,,6,3,,5,,,,,,,,,,,,,,,,,,,,,,,
Lazio,Italy,,6,3,,2,,4,4,1,1,,,,,,,5,4,2,1,,,,,,,6,3,3,2,,4,3,3,1,,6,2,3,2,,,,,,,7,2,,3,,,,,,,,,,,,,,,,,,,,
Livorno,Italy,,,,,,,,,,,,,,,,,,,,,,,,,,,,,,,,,,,,,,,,,,,,,,,,,,,,,,,,,,,,,,6,1,2,,,,,,
Milan,Italy,,7,3,1,3,,5,3,2,1,,,,,,,,,,,,,,,,,,,,,,,,,,,,,,,,,,,,,,,,,,6,2,2,,,,,,,,,,,,,,,,
Napoli,Italy,,4,,,,,6,,,,,,,,,,6,6,,1,,3,4,1,1,,5,,,,,6,3,,2,,,,,,,6,1,4,2,,,,,,,,,,,,,,,,,,,,,,,,,
Palermo,Italy,,,,,,,,,,,,,,,,,,,,,,,,,,,,,,,,,,,,,,,,,,7,2,1,3,,,,,,,,,,,,,,,,,7,1,1,,,5,2,2,
Parma,Italy,,,,,,,,,,,,,,,,,,,,,,,,,,,,,,,,,,,,,,,,,,,,,,,,,,,,,,,,,,,,,,6,3,,,,,,,
Roma,Italy,,,,,,,,,,,,5,3,3,1,,,,,,,5,,,,,,,,,,,,,,,,,,,,,,,,,6,4,1,1,,,,,,,,,,,,,,,,,5,2,1,
Sampdoria,Italy,,,,,,,,,,,,,,,,,,,,,,,,,,,,,,,,,,,,,,,,,,7,1,2,3,,,,,,,6,2,1,,,,,,,,,,,,,7,1,2,
Sassuolo,Italy,,,,,,,,,,,,7,1,2,4,,,,,,,,,,,,,,,,,,,,,,,,,,,,,,,,,,,,,,,,,,,,,,,,,,,,,,,
Torino,Italy,,,,,,,,,,,,,,,,,,,,,,5,3,2,2,,,,,,,,,,,,,,,,,,,,,,,,,,,,,,,,,,,,,,,,,,,,,
Udinese,Italy,,,,,,,,,,,,,,,,,,,,,,,,,,,,,,,,7,1,1,4,,5,2,3,2,,,,,,,,,,,,4,3,,,,,,,,,,,,,,5,,,
Aktobe,Kazakhstan,,,,,,,,,,,,,,,,,,,,,,,,,,,,,,,,,,,,,,,,,,,,,,,,,,,,,,,,,,,,,,,,,,,,,,
Astana,Kazakhstan,P,7,2,2,3,,6,3,1,2,,7,1,2,4,,,,,,,,,,,,,,,,,,,,,,,,,,,,,,,,,,,,,,,,,,,,,,,,,,,,,,,
Shakter Karagandy,Kazakhstan,,,,,,,,,,,,,,,,,,,,,,,,,,,7,,2,4,,,,,,,,,,,,,,,,,,,,,,,,,,,,,,,,,,,,,,,,
Tobol,Kazakhstan,12,,,,,,,,,,,,,,,,,,,,,,,,,,,,,,,,,,,,,,,,,,,,,,,,,,,,,,,,,,,,,,,,,,,,,
Kairat,Kazakhstan,123,,,,,,,,,,,,,,,,,,,,,,,,,,,,,,,,,,,,,,,,,,,,,,,,,,,,,,,,,,,,,,,,,,,,,
Irtysh Pavlodar,Kazakhstan,1,,,,,,,,,,,,,,,,,,,,,,,,,,,,,,,,,,,,,,,,,,,,,,,,,,,,,,,,,,,,,,,,,,,,,
Drita,Kosovo,2,,,,,,,,,,,,,,,,,,,,,,,,,,,,,,,,,,,,,,,,,,,,,,,,,,,,,,,,,,,,,,,,,,,,,
Prishtina,Kosovo,P1,,,,,,,,,,,,,,,,,,,,,,,,,,,,,,,,,,,,,,,,,,,,,,,,,,,,,,,,,,,,,,,,,,,,,
Trepca '89,Kosovo,,,,,,,,,,,,,,,,,,,,,,,,,,,,,,,,,,,,,,,,,,,,,,,,,,,,,,,,,,,,,,,,,,,,,,
Liepaja,Latvia,,,,,,,,,,,,,,,,,,,,,,,,,,,,,,,,,,,,,,,,,,,,,,,,,,,,,,,,,,,,,,,,,,,,,,
Spartaks Jurmala,Latvia,23,,,,,,,,,,,,,,,,,,,,,,,,,,,,,,,,,,,,,,,,,,,,,,,,,,,,,,,,,,,,,,,,,,,,,
Ventspils,Latvia,12,,,,,,,,,,,,,,,,,,,,,,,,,,,,,,,,,,,,,,,,,,,,,,7,,3,4,,,,,,,,,,,,,,,,,,,,
Riga,Latvia,1,,,,,,,,,,,,,,,,,,,,,,,,,,,,,,,,,,,,,,,,,,,,,,,,,,,,,,,,,,,,,,,,,,,,,
Liepaja,Latvia,1,,,,,,,,,,,,,,,,,,,,,,,,,,,,,,,,,,,,,,,,,,,,,,,,,,,,,,,,,,,,,,,,,,,,,
Vaduz,Liechtenstein,12,,,,,,,,,,,,,,,,,,,,,,,,,,,,,,,,,,,,,,,,,,,,,,,,,,,,,,,,,,,,,,,,,,,,,
Suduva Marijampole,Lithuania,3P,,,,,,,,,,,,,,,,,,,,,,,,,,,,,,,,,,,,,,,,,,,,,,,,,,,,,,,,,,,,,,,,,,,,,
Zalgiris Vilnius,Lithuania,123,,,,,,,,,,,,,,,,,,,,,,,,,,,,,,,,,,,,,,,,,,,,,,,,,,,,,,,,,,,,,,,,,,,,,
Trakai,Lithuania,P12,,,,,,,,,,,,,,,,,,,,,,,,,,,,,,,,,,,,,,,,,,,,,,,,,,,,,,,,,,,,,,,,,,,,,
Stumbras,Lithuania,1,,,,,,,,,,,,,,,,,,,,,,,,,,,,,,,,,,,,,,,,,,,,,,,,,,,,,,,,,,,,,,,,,,,,,
F91 Dudelange,Luxembourg,23P,7,,1,4,,,,,,,,,,,,,,,,,,,,,,,,,,,,,,,,,,,,,,,,,,,,,,,,,,,,,,,,,,,,,,,,,
Fola Esch,Luxembourg,12,,,,,,,,,,,,,,,,,,,,,,,,,,,,,,,,,,,,,,,,,,,,,,,,,,,,,,,,,,,,,,,,,,,,,
Progres Niederkorn,Luxembourg,123,,,,,,,,,,,,,,,,,,,,,,,,,,,,,,,,,,,,,,,,,,,,,,,,,,,,,,,,,,,,,,,,,,,,,
Racing,Luxembourg,1,,,,,,,,,,,,,,,,,,,,,,,,,,,,,,,,,,,,,,,,,,,,,,,,,,,,,,,,,,,,,,,,,,,,,
Rabotnicki,Macedonia,,,,,,,,,,,,,,,,,,,,,,,,,,,,,,,,,,,,,,,,,,,,,,,,,,,,,,,,,,,,,,,,,,,,,,
Shkendija,Macedonia,P,,,,,,,,,,,,,,,,,,,,,,,,,,,,,,,,,,,,,,,,,,,,,,,,,,,,,,,,,,,,,,,,,,,,,
Vardar,Macedonia,1,,,,,,7,,1,4,,,,,,,,,,,,,,,,,,,,,,,,,,,,,,,,,,,,,,,,,,,,,,,,,,,,,,,,,,,,
Shkupi,Macedonia,1,,,,,,,,,,,,,,,,,,,,,,,,,,,,,,,,,,,,,,,,,,,,,,,,,,,,,,,,,,,,,,,,,,,,,
Rabotnicki,Macedonia,1,,,,,,,,,,,,,,,,,,,,,,,,,,,,,,,,,,,,,,,,,,,,,,,,,,,,,,,,,,,,,,,,,,,,,
Birkirkara,Malta,P,,,,,,,,,,,,,,,,,,,,,,,,,,,,,,,,,,,,,,,,,,,,,,,,,,,,,,,,,,,,,,,,,,,,,
Gzira United,Malta,P1,,,,,,,,,,,,,,,,,,,,,,,,,,,,,,,,,,,,,,,,,,,,,,,,,,,,,,,,,,,,,,,,,,,,,
Hibernians,Malta,,,,,,,,,,,,,,,,,,,,,,,,,,,,,,,,,,,,,,,,,,,,,,,,,,,,,,,,,,,,,,,,,,,,,,
Valetta,Malta,2,,,,,,,,,,,,,,,,,,,,,,,,,,,,,,,,,,,,,,,,,,,,,,,,,,,,,,,,,,,,,,,,,,,,,
Balzan,Malta,12,,,,,,,,,,,,,,,,,,,,,,,,,,,,,,,,,,,,,,,,,,,,,,,,,,,,,,,,,,,,,,,,,,,,,
Milsami Orhei,Moldova,1,,,,,,,,,,,,,,,,,,,,,,,,,,,,,,,,,,,,,,,,,,,,,,,,,,,,,,,,,,,,,,,,,,,,,
Sherrif Tiraspol,Moldova,3P,,,,,,7,2,3,3,,,,,,,,,,,,,,,,,7,1,3,3,,,,,,,,,,,,7,1,2,4,,7,1,2,3,,,,,,,,,,,,,,,,,,,,
Zaria Balti,Moldova,1,,,,,,,,,,,,,,,,,,,,,,,,,,,,,,,,,,,,,,,,,,,,,,,,,,,,,,,,,,,,,,,,,,,,,
Petrocub Hincesti,Moldova,1,,,,,,,,,,,,,,,,,,,,,,,,,,,,,,,,,,,,,,,,,,,,,,,,,,,,,,,,,,,,,,,,,,,,,
Buducnost Podgorica,Montenegro,1,,,,,,,,,,,,,,,,,,,,,,,,,,,,,,,,,,,,,,,,,,,,,,,,,,,,,,,,,,,,,,,,,,,,,
Mladost Podgorica,Montenegro,,,,,,,,,,,,,,,,,,,,,,,,,,,,,,,,,,,,,,,,,,,,,,,,,,,,,,,,,,,,,,,,,,,,,,
Rudar Pljevlja,Montenegro,1,,,,,,,,,,,,,,,,,,,,,,,,,,,,,,,,,,,,,,,,,,,,,,,,,,,,,,,,,,,,,,,,,,,,,
Sutjeska Niksic,Montenegro,2,,,,,,,,,,,,,,,,,,,,,,,,,,,,,,,,,,,,,,,,,,,,,,,,,,,,,,,,,,,,,,,,,,,,,
Titograd Podgorica,Montenegro,1,,,,,,,,,,,,,,,,,,,,,,,,,,,,,,,,,,,,,,,,,,,,,,,,,,,,,,,,,,,,,,,,,,,,,
Ajax,Netherlands,,,,,,,,,,,,2,4,2,1,,7,1,4,3,,5,,,,,6,,,,,6,,,,,6,,,,,5,,,,,6,3,2,2,,5,2,1,,,,,,,,6,2,1,,,,,,
AZ,Netherlands,2,,,,,,,,,,,6,2,2,2,,7,1,1,4,,,,,,,4,3,3,1,,,,,,,4,1,5,2,,7,2,1,3,,,,,,,,,,,,7,1,1,,,4,3,1,,,6,3,1,
Feyenoord,Netherlands,3,,,,,,,,,,,7,2,1,3,,,,,,,6,4,,1,,,,,,,,,,,,,,,,,,,,,,,,,,,7,,,,,,,,,,6,1,2,,,,,,
Groningen,Netherlands,,,,,,,,,,,,,,,,,7,,2,4,,,,,,,,,,,,,,,,,,,,,,,,,,,,,,,,,,,,,,,,,,,,,,,,,,
Heerenveen,Netherlands,,,,,,,,,,,,,,,,,,,,,,,,,,,,,,,,,,,,,,,,,,,,,,,7,2,2,3,,7,,,,,,,,,,7,1,1,,,6,1,2,
NEC,Netherlands,,,,,,,,,,,,,,,,,,,,,,,,,,,,,,,,,,,,,,,,,,,,,,,,,,,,6,2,,,,,,,,,,,,,,,,,
PSV Eindhoven,Netherlands,,,,,,,,,,,,,,,,,,,,,,6,2,2,2,,7,2,1,3,,7,2,1,3,,5,5,1,1,,4,4,2,1,,6,4,2,1,,,,,,,4,,,,,,,,,,,,,
Twente,Netherlands,,,,,,,,,,,,,,,,,,,,,,,,,,,,,,,,7,,4,4,,5,4,1,1,,4,,,,,6,2,2,2,,6,2,,,,,,,,,,,,,,,,,
Utrecht,Netherlands,,,,,,,,,,,,,,,,,,,,,,,,,,,,,,,,,,,,,,,,,,7,,5,4,,,,,,,,,,,,,,,,,,,,,,,,,
Vitesse,Netherlands,23,,,,,,7,1,2,4,,,,,,,,,,,,,,,,,,,,,,,,,,,,,,,,,,,,,,,,,,,,,,,,,,,,,,,,,,,,
Cliftonville,Northern Ireland,1,,,,,,,,,,,,,,,,,,,,,,,,,,,,,,,,,,,,,,,,,,,,,,,,,,,,,,,,,,,,,,,,,,,,,
Crusaders,Northern Ireland,2,,,,,,,,,,,,,,,,,,,,,,,,,,,,,,,,,,,,,,,,,,,,,,,,,,,,,,,,,,,,,,,,,,,,,
Linfield,Northern Ireland,,,,,,,,,,,,,,,,,,,,,,,,,,,,,,,,,,,,,,,,,,,,,,,,,,,,,,,,,,,,,,,,,,,,,,
Glenavon,Northern Ireland,1,,,,,,,,,,,,,,,,,,,,,,,,,,,,,,,,,,,,,,,,,,,,,,,,,,,,,,,,,,,,,,,,,,,,,
Coleraine,Northern Ireland,1,,,,,,,,,,,,,,,,,,,,,,,,,,,,,,,,,,,,,,,,,,,,,,,,,,,,,,,,,,,,,,,,,,,,,
Brann,Norway,,,,,,,,,,,,,,,,,,,,,,,,,,,,,,,,,,,,,,,,,,,,,,,,,,,,,,,,,6,1,1,,,,,,,,,,,
Molde,Norway,123P,,,,,,,,,,,,,,,,6,3,2,1,,,,,,,,,,,,7,2,0,4,,,,,,,,,,,,,,,,,,,,,,,,,,,,,,,,,,,
Rosenborg,Norway,3P,7,,1,4,,7,1,2,3,,,,,,,7,,2,4,,,,,,,,,,,,7,2,,3,,,,,,,7,1,,4,,,,,,,7,,2,,,6,,,,,,,,,,6,,,
Sarpsborg 08,Norway,123P,7,1,2,4,,,,,,,,,,,,,,,,,,,,,,,,,,,,,,,,,,,,,,,,,,,,,,,,,,,,,,,,,,,,,,,,,
Stormsgodset,Norway,,,,,,,,,,,,,,,,,,,,,,,,,,,,,,,,,,,,,,,,,,,,,,,,,,,,,,,,,,,,,,,,,,,,,,
Tromso,Norway,,,,,,,,,,,,,,,,,,,,,,,,,,,7,,1,4,,,,,,,,,,,,,,,,,,,,,,,,,,,,,,,,,,,,,7,1,,
Viking,Norway,,,,,,,,,,,,,,,,,,,,,,,,,,,,,,,,,,,,,,,,,,,,,,,,,,,,,,,,,,,,,,,,,,,7,1,1,
Lillestrom,Norway,2,,,,,,,,,,,,,,,,,,,,,,,,,,,,,,,,,,,,,,,,,,,,,,,,,,,,,,,,,,,,,,,,,,,,,
Lech Poznan,Poland,123,,,,,,,,,,,,,,,,,,,,,,,,,,,,,,,,,,,,,,,,,6,3,2,2,,,,,,,6,1,2,,,,,,,,,,,,,,,,
Legia Warsaw,Poland,3,,,,,,,,,,,6,,,,,6,1,1,4,,6,5,,1,,7,1,,4,,,,,,,6,3,,2,,,,,,,,,,,,,,,,,,,,,,,,,,,,,,
Wisla Krakow,Poland,,,,,,,,,,,,,,,,,,,,,,,,,,,,,,,,,,,,,6,3,,2,,,,,,,,,,,,,,,,,,,,,,7,1,,,,,,,
Gornik Zabrze,Poland,12,,,,,,,,,,,,,,,,,,,,,,,,,,,,,,,,,,,,,,,,,,,,,,,,,,,,,,,,,,,,,,,,,,,,,
Jagiellonia Bialystok,Poland,23,,,,,,,,,,,,,,,,,,,,,,,,,,,,,,,,,,,,,,,,,,,,,,,,,,,,,,,,,,,,,,,,,,,,,
Academica,Portugal,,,,,,,,,,,,,,,,,,,,,,,,,,,,,,,,7,1,2,3,,,,,,,,,,,,,,,,,,,,,,,,,,,,,,,,,,,
Benfica,Portugal,,4,,,,,,,,,,,,,,,,,,,,,,,,,2,,,,,2,,,,,,,,,,3,,,,,4,5,,1,,7,,1,,,5,,,,,4,,,,,,,,
Braga,Portugal,3,,,,,,6,3,1,1,,7,1,3,3,,4,4,1,1,,,,,,,,,,,,,,,,,6,3,2,2,,2,,,,,,,,,,5,2,,,,6,1,3,,,5,2,,,,,,,
Estoril,Portugal,,,,,,,,,,,,,,,,,,,,,,7,1,2,3,,7,,3,4,,,,,,,,,,,,,,,,,,,,,,,,,,,,,,,,,,,,,,,,
Maritimo,Portugal,,,,,,,,,,,,,,,,,,,,,,,,,,,,,,,,7,1,3,3,,,,,,,,,,,,,,,,,,,,,,,,,,,,,,,,,,,
Nacional,Portugal,,,,,,,,,,,,,,,,,,,,,,,,,,,,,,,,,,,,,,,,,,,,,,,7,1,2,3,,,,,,,,,,,,,,,,,,,,
Pacos de Ferreira,Portugal,,,,,,,,,,,,,,,,,,,,,,,,,,,7,,3,3,,,,,,,,,,,,,,,,,,,,,,,,,,,,,,,,,,,,,,,,
Porto,Portugal,,,,,,,,,,,,,,,,,6,,,,,,,,,,4,,,,,,,,,,6,,,,,1,5,1,1,,,,,,,,,,,,,,,,,,,,,,,,,
Rio Ave,Portugal,2,,,,,,,,,,,,,,,,,,,,,7,1,1,4,,,,,,,,,,,,,,,,,,,,,,,,,,,,,,,,,,,,,,,,,,,,,
Sporting CP,Portugal,,6,4,1,1,,4,,,,,,,,,,6,3,1,2,,6,,,,,,,,,,7,1,2,4,,3,4,,1,,6,4,,1,,5,3,2,1,,,,,,,4,,,,,,,,,,,,,
Vitoria de Guimares,Portugal,,,,,,,7,1,2,4,,,,,,,,,,,,,,,,,7,1,2,3,,,,,,,,,,,,,,,,,,,,,,,,,,,,,,,,,,,,,7,,1,
Astra Giurgiu,Romania,,,,,,,,,,,,6,2,2,2,,,,,,,7,1,1,4,,,,,,,,,,,,,,,,,,,,,,,,,,,,,,,,,,,,,,,,,,,,,
CFR Cluj,Romania,3P,,,,,,,,,,,,,,,,,,,,,,,,,,,,,,,6,,,,,,,,,,,,,,,7,1,,4,,,,,,,,,,,,,,,,,,,,
Dinamo Bucuresti,Romania,,,,,,,,,,,,,,,,,,,,,,,,,,,,,,,,,,,,,,,,,,,,,,,7,2,,3,,,,,,,,,,,,6,2,1,,,7,1,1,
FCSB,Romania,23P,,,,,,6,3,1,2,,,,,,,,,,,,,,,,,,,,,,,,,,,,,,,,,,,,,,,,,,,,,,,,,,,,,,,,,,,,
Otelul Galati,Romania,,,,,,,,,,,,,,,,,,,,,,,,,,,,,,,,,,,,,,,,,,,,,,,,,,,,,,,,,,,,,,,,,,,,,,
Pandurii Targu Jiu,Romania,,,,,,,,,,,,,,,,,,,,,,,,,,,7,,2,4,,,,,,,,,,,,,,,,,,,,,,,,,,,,,,,,,,,,,,,,
Rapid Bucuresti,Romania,,,,,,,,,,,,,,,,,,,,,,,,,,,,,,,,,,,,,7,1,,4,,,,,,,,,,,,,,,,,,,,,,7,,4,,,4,3,,
Steaua Bucuresti,Romania,,,,,,,,,,,,7,1,3,4,,,,,,,7,2,1,3,,,,,,,5,3,2,1,,6,2,2,2,,7,1,3,3,,7,,4,4,,,,,,,,,,,,6,,,,,3,2,2,
Timisoara,Romania,,,,,,,,,,,,,,,,,,,,,,,,,,,,,,,,,,,,,,,,,,,,,,,7,1,2,4,,,,,,,,,,,,,,,,,,,,
Unirea Urizenci,Romania,,,,,,,,,,,,,,,,,,,,,,,,,,,,,,,,,,,,,,,,,,,,,,,6,,,,,,,,,,,,,,,,,,,,,,,
Vaslui,Romania,,,,,,,,,,,,,,,,,,,,,,,,,,,,,,,,,,,,,7,1,3,3,,,,,,,,,,,,,,,,,,,,,,,,,,,,,,
Viitorul Constanta,Romania,12,,,,,,,,,,,,,,,,,,,,,,,,,,,,,,,,,,,,,,,,,,,,,,,,,,,,,,,,,,,,,,,,,,,,,
Universitatea Craiova,Romania,3,,,,,,,,,,,,,,,,,,,,,,,,,,,,,,,,,,,,,,,,,,,,,,,,,,,,,,,,,,,,,,,,,,,,,
Anzhi Makhachkala,Russia,,,,,,,,,,,,,,,,,,,,,,,,,,,5,2,2,2,,5,3,1,2,,,,,,,,,,,,,,,,,,,,,,,,,,,,,,,,,,,
CSKA Moscow,Russia,,,,,,,4,,,,,,,,,,,,,,,,,,,,,,,,,,,,,,,,,,,5,5,1,1,,,,,,,5,4,,,,,,,,,6,,,,,7,1,1,
Dynamo Moscow,Russia,,,,,,,,,,,,,,,,,,,,,,5,6,,1,,,,,,,,,,,,,,,,,,,,,,,,,,,,,,,,,,,,,,,,,,,,,
Krasnodar,Russia,,5,4,,2,,,,,,,5,2,1,2,,6,4,1,1,,7,1,3,3,,,,,,,,,,,,,,,,,,,,,,,,,,,,,,,,,,,,,,,,,,,,,
Kuban Krasnodar,Russia,,,,,,,,,,,,,,,,,,,,,,,,,,,7,1,3,3,,,,,,,,,,,,,,,,,,,,,,,,,,,,,,,,,,,,,,,,
Lokomotiv Moscow,Russia,,,,,,,5,3,2,1,,,,,,,6,3,2,1,,,,,,,,,,,,,,,,,6,4,,2,,,,,,,,,,,,,,,,,7,,2,,,,,,,,6,2,1,
Rostov,Russia,,,,,,,,,,,,5,,,,,,,,,,,,,,,,,,,,,,,,,,,,,,,,,,,,,,,,,,,,,,,,,,,,,,,,,,
Rubin Kazan,Russia,,,,,,,,,,,,,,,,,7,1,3,3,,,,,,,6,4,2,1,,4,4,2,1,,6,3,2,2,,6,,,,,5,,,,,,,,,,,,,,,,,,,,,,,
Spartak Moscow,Russia,,7,1,2,4,,6,,,,,,,,,,,,,,,,,,,,,,,,,,,,,,,,,,,4,,,,,,,,,,7,1,1,,,6,2,1,,,6,,,,,,,,
Zenit Saint Petersburg,Russia,3P,5,3,2,1,,5,5,1,1,,6,5,,1,,,,,,,4,,,,,,,,,,5,,,,,,,,,,5,6,,1,,,,,,,5,,,,,1,1,2,,,,,,,,4,2,1,
Ufa,Russia,23P,,,,,,,,,,,,,,,,,,,,,,,,,,,,,,,,,,,,,,,,,,,,,,,,,,,,,,,,,,,,,,,,,,,,,
Folgore,San Marino,P,,,,,,,,,,,,,,,,,,,,,,,,,,,,,,,,,,,,,,,,,,,,,,,,,,,,,,,,,,,,,,,,,,,,,
La Fiorita,San Marino,2,,,,,,,,,,,,,,,,,,,,,,,,,,,,,,,,,,,,,,,,,,,,,,,,,,,,,,,,,,,,,,,,,,,,,
Tre Penne,San Marino,,,,,,,,,,,,,,,,,,,,,,,,,,,,,,,,,,,,,,,,,,,,,,,,,,,,,,,,,,,,,,,,,,,,,,
Tre Fiori,San Marino,P1,,,,,,,,,,,,,,,,,,,,,,,,,,,,,,,,,,,,,,,,,,,,,,,,,,,,,,,,,,,,,,,,,,,,,
Aberdeen,Scotland,2,,,,,,,,,,,,,,,,,,,,,,,,,,,,,,,,,,,,,,,,,,,,,,,,,,,,,,,,6,1,1,,,,,,,,,,,
Celtic,Scotland,P,6,3,,2,,6,,,,,,,,,,7,,3,4,,6,2,2,2,,,,,,,,,,,,7,1,3,3,,,,,,,7,1,3,3,,,,,,,,,,,,,,,,,,,,
Rangers,Scotland,123P,7,1,3,3,,,,,,,,,,,,,,,,,,,,,,,,,,,,,,,,,,,,,5,,,,,,,,,,,,,,,2,,,,,5,3,1,,,,,,
Hibernian,Scotland,123,,,,,,,,,,,,,,,,,,,,,,,,,,,,,,,,,,,,,,,,,,,,,,,,,,,,,,,,,,,,,,,,,,,,,
Partizan,Serbia,123P,,,,,,6,2,2,2,,,,,,,7,3,,3,,7,,2,4,,,,,,,7,,3,3,,,,,,,,,,,,7,1,,4,,7,,,,,,,,,,7,,1,,,,,,
Red Star Belgrade,Serbia,,,,,,,6,2,3,2,,,,,,,,,,,,,,,,,,,,,,,,,,,,,,,,,,,,,,,,,,,,,,,7,,,,,,,,,,7,1,1,
Spartak Subotica,Serbia,123,,,,,,,,,,,,,,,,,,,,,,,,,,,,,,,,,,,,,,,,,,,,,,,,,,,,,,,,,,,,,,,,,,,,,
Radnicki Nis,Serbia,12,,,,,,,,,,,,,,,,,,,,,,,,,,,,,,,,,,,,,,,,,,,,,,,,,,,,,,,,,,,,,,,,,,,,,
Artmedia Bratislava,Slovakia,,,,,,,,,,,,,,,,,,,,,,,,,,,,,,,,,,,,,,,,,,,,,,,,,,,,5,,,,,,,,,,,,,,,6,,,
Slovan Bratislava,Slovakia,123,,,,,,,,,,,,,,,,,,,,,7,,,4,,,,,,,,,,,,7,,1,4,,,,,,,,,,,,,,,,,,,,,,,,,,,,,,
Slovan Liberec,Slovakia,,,,,,,,,,,,7,1,1,4,,,,,,,,,,,,,,,,,,,,,,,,,,,,,,,,,,,,,,,,,,,,,,,,,,,,,,,
Spartak Trnava,Slovakia,P,7,2,1,3,,,,,,,,,,,,,,,,,,,,,,,,,,,,,,,,,,,,,,,,,,,,,,,,,,,,,,,,,,,,,,,,,
Trencin,Slovakia,123P,,,,,,,,,,,,,,,,,,,,,,,,,,,,,,,,,,,,,,,,,,,,,,,,,,,,,,,,,,,,,,,,,,,,,
Zilina,Slovakia,,,,,,,,,,,,,,,,,,,,,,,,,,,,,,,,,,,,,,,,,,,,,,,,,,,,7,1,1,,,,,,,,,,,,,,,,
DAC Dunajska Streda,Slovakia,12,,,,,,,,,,,,,,,,,,,,,,,,,,,,,,,,,,,,,,,,,,,,,,,,,,,,,,,,,,,,,,,,,,,,,
Maribor,Slovenia,123,,,,,,,,,,,,,,,,,,,,,,,,,,6,2,1,2,,7,1,1,4,,7,,1,4,,,,,,,,,,,,,,,,,,,,,,,,,,,,,,
Olympia Ljubljana,Slovenia,23P,,,,,,,,,,,,,,,,,,,,,,,,,,,,,,,,,,,,,,,,,,,,,,,,,,,,,,,,,,,,,,,,,,,,,
Domzale,Slovenia,12,,,,,,,,,,,,,,,,,,,,,,,,,,,,,,,,,,,,,,,,,,,,,,,,,,,,,,,,,,,,,,,,,,,,,
Rudar Velenje,Slovenia,12,,,,,,,,,,,,,,,,,,,,,,,,,,,,,,,,,,,,,,,,,,,,,,,,,,,,,,,,,,,,,,,,,,,,,
Athletic Bilbao,Spain,,,,,,,5,3,2,1,,6,3,1,1,,4,4,1,1,,6,,,,,,,,,,7,1,2,3,,2,4,1,1,,,,,,,6,3,1,2,,,,,,,,,,,,,,,,,,,,
Atletico Madrid,Spain,,,,,,,1,,,,,,,,,,,,,,,,,,,,,,,,,6,4,,2,,1,4,1,1,,7,2,2,3,,1,,,,,,,,,,6,3,1,,,,,,,,,,,
Celta Vigo,Spain,,,,,,,,,,,,3,2,3,2,,,,,,,,,,,,,,,,,,,,,,,,,,,,,,,,,,,,,,,,,,,,,,,5,1,2,,,,,,
Deportivo la Coruna,Spain,,,,,,,,,,,,,,,,,,,,,,,,,,,,,,,,,,,,,,,,,,,,,,,,,,,,6,2,1,,,,,,,,,,,,,,,,
Espanyol,Spain,,,,,,,,,,,,,,,,,,,,,,,,,,,,,,,,,,,,,,,,,,,,,,,,,,,,,,,,,,,,,,2,4,,,,6,2,2,
Getafe,Spain,,,,,,,,,,,,,,,,,,,,,,,,,,,,,,,,,,,,,,,,,,7,2,1,3,,,,,,,,,,,,4,3,,,,,,,,,,,,
Levante,Spain,,,,,,,,,,,,,,,,,,,,,,,,,,,,,,,,5,3,2,2,,,,,,,,,,,,,,,,,,,,,,,,,,,,,,,,,,,
Malaga,Spain,,,,,,,,,,,,,,,,,,,,,,,,,,,,,,,,,,,,,,,,,,,,,,,,,,,,,,,,,,,,,,,,,,,,,,
Osasuna ,Spain,,,,,,,,,,,,,,,,,,,,,,,,,,,,,,,,,,,,,,,,,,,,,,,,,,,,,,,,,,,,,,3,2,1,,,,,,
Racing Santander,Spain,,,,,,,,,,,,,,,,,,,,,,,,,,,,,,,,,,,,,,,,,,,,,,,,,,,,7,1,2,,,,,,,,,,,,,,,,
Real Betis,Spain,,6,3,3,1,,,,,,,,,,,,,,,,,,,,,,5,2,3,2,,,,,,,,,,,,,,,,,,,,,,,,,,,,,,,,,,,,,5,,,
Real Sociedad,Spain,,,,,,,6,4,,2,,,,,,,,,,,,,,,,,,,,,,,,,,,,,,,,,,,,,,,,,,,,,,,,,,,,,,,,,,,,
Sevilla,Spain,23P,5,4,,1,,,,,,,,,,,,1,,,,,1,3,2,2,,1,3,3,1,,,,,,,,,,,,6,3,1,2,,,,,,,7,2,,,,,,,,,1,2,1,,,1,2,1,
Valencia,Spain,,3,,,,,,,,,,,,,,,5,,,,,,,,,,3,4,1,1,,,,,,,3,,,,,,,,,,4,3,3,1,,6,1,3,,,,,,,,,,,,,,,,
Villarreal,Spain,,4,2,4,1,,6,3,2,1,,6,2,3,2,,3,4,1,2,,5,3,2,2,,,,,,,,,,,,,,,,,3,4,,1,,6,3,,2,,,,,,,6,3,1,,,,,,,,,,,
AIK,Sweden,12,,,,,,,,,,,,,,,,,,,,,,,,,,,,,,,7,1,1,4,,,,,,,,,,,,,,,,,,,,,,,,,,,,,,,,,,,
Elfsborg,Sweden,,,,,,,,,,,,,,,,,,,,,,,,,,,7,1,1,3,,,,,,,,,,,,,,,,,,,,,,,,,,,7,,1,,,,,,,,,,,
Halmstad,Sweden,,,,,,,,,,,,,,,,,,,,,,,,,,,,,,,,,,,,,,,,,,,,,,,,,,,,,,,,,,,,,,,,,,,7,,,
Helsingborg,Sweden,,,,,,,,,,,,,,,,,,,,,,,,,,,,,,,,7,1,1,3,,,,,,,,,,,,,,,,,,,,,,6,2,1,,,,,,,,,,,
IFK Norrkoping,Sweden,,,,,,,,,,,,,,,,,,,,,,,,,,,,,,,,,,,,,,,,,,,,,,,,,,,,,,,,,,,,,,,,,,,,,,
Malmo FF,Sweden,P,6,2,3,2,,,,,,,,,,,,,,,,,,,,,,,,,,,,,,,,7,,1,4,,,,,,,,,,,,,,,,,,,,,,,,,,,,,,
Osterund,Sweden,,,,,,,6,3,2,2,,,,,,,,,,,,,,,,,,,,,,,,,,,,,,,,,,,,,,,,,,,,,,,,,,,,,,,,,,,,
BK Hacken,Sweden,12,,,,,,,,,,,,,,,,,,,,,,,,,,,,,,,,,,,,,,,,,,,,,,,,,,,,,,,,,,,,,,,,,,,,,
Djurgardens IF,Sweden,2,,,,,,,,,,,,,,,,,,,,,,,,,,,,,,,,,,,,,,,,,,,,,,,,,,,,,,,,,,,,,,,,,,,,,
Basel,Switzerland,3P,,,,,,,,,,,,,,,,5,4,1,1,,,,,,,4,,,,,3,2,3,2,,,,,,,6,,,,,7,3,,3,,,,,,,6,2,2,,,7,,,,,4,2,,
Grasshopper,Switzerland,,,,,,,,,,,,,,,,,,,,,,,,,,,,,,,,,,,,,,,,,,,,,,,,,,,,,,,,,,,,,,7,,,,,7,,,
Lausanne Sport,Switzerland,,,,,,,,,,,,,,,,,,,,,,,,,,,,,,,,,,,,,,,,,,7,,1,4,,,,,,,,,,,,,,,,,,,,,,,,,
Lugano,Switzerland,,,,,,,7,3,,3,,,,,,,,,,,,,,,,,,,,,,,,,,,,,,,,,,,,,,,,,,,,,,,,,,,,,,,,,,,,
Sion,Switzerland,,,,,,,,,,,,,,,,,6,2,3,2,,,,,,,,,,,,,,,,,,,,,,,,,,,,,,,,,,,,,,,,,,,,,,,,,,
St. Gallen,Switzerland,2,,,,,,,,,,,,,,,,,,,,,,,,,,7,2,,4,,,,,,,,,,,,,,,,,,,,,,,,,,,,,,,,,,,,,,,,
Thun,Switzerland,,,,,,,,,,,,,,,,,,,,,,,,,,,7,1,,4,,,,,,,,,,,,,,,,,,,,,,,,,,,,,,,,,,,,,6,,,
Young Boys,Switzerland,,,,,,,7,1,3,3,,7,2,2,3,,,,,,,6,4,,2,,,,,,,7,3,1,3,,,,,,,6,3,,2,,,,,,,,,,,,,,,,,,,,,,,,,
Zurich,Switzerland,,6,3,1,2,,,,,,,7,1,3,3,,,,,,,7,2,1,3,,,,,,,,,,,,7,1,2,4,,,,,,,,,,,,,,,,,6,2,,,,,,,,,,,,
Luzerne,Switzerland,3,,,,,,,,,,,,,,,,,,,,,,,,,,,,,,,,,,,,,,,,,,,,,,,,,,,,,,,,,,,,,,,,,,,,,
Akhisaspor,Turkey,,7,,1,4,,,,,,,,,,,,,,,,,,,,,,,,,,,,,,,,,,,,,,,,,,,,,,,,,,,,,,,,,,,,,,,,,
Besiktas,Turkey,23P,7,2,1,3,,,,,,,4,,,,,7,2,3,1,,5,3,3,1,,,,,,,,,,,,5,4,,1,,6,4,1,2,,,,,,,,,,,,,,,,,7,1,,,,7,1,2,
Bursaspor,Turkey,,,,,,,,,,,,,,,,,,,,,,,,,,,,,,,,,,,,,,,,,,,,,,,,,,,,,,,,,,,,,,,,,,,,,,
Fenerbahce,Turkey,,6,2,2,2,,,,,,,6,4,1,1,,5,2,3,2,,,,,,,,,,,,3,4,1,1,,,,,,,,,,,,6,5,,1,,,,,,,,,,,,6,1,1,,,,,,
Galatasary,Turkey,,6,,,,,,,,,,,,,,,6,,,,,,,,,,,,,,,,,,,,,,,,,,,,,,6,4,1,1,,5,3,,,,6,1,1,,,,,,,,,,,
Istanbul Basaksehir,Turkey,3,,,,,,7,2,2,3,,,,,,,,,,,,,,,,,,,,,,,,,,,,,,,,,,,,,,,,,,,,,,,,,,,,,,,,,,,,
Konyaspor,Turkey,,,,,,,7,1,2,3,,7,,1,4,,,,,,,,,,,,,,,,,,,,,,,,,,,,,,,,,,,,,,,,,,,,,,,,,,,,,,,
Osmanlispor,Turkey,,,,,,,,,,,,6,3,1,1,,,,,,,,,,,,,,,,,,,,,,,,,,,,,,,,,,,,,,,,,,,,,,,,,,,,,,,
Trabzonspor,Turkey,,,,,,,,,,,,,,,,,,,,,,6,3,1,2,,6,4,2,1,,,,,,,6,,,,,,,,,,,,,,,,,,,,,,,,,,,,,,,,,
Chornomorets Odesa,Ukraine,,,,,,,,,,,,,,,,,,,,,,,,,,,6,3,1,2,,,,,,,,,,,,,,,,,,,,,,,,,,,,,,,,,,,,,,,,
Dnipro Dnipropetrovsk,Ukraine,,,,,,,,,,,,,,,,,7,2,1,3,,2,2,1,2,,6,4,,2,,6,5,,1,,,,,,,,,,,,,,,,,,,,,,,,,,,,,,,,7,1,,
Dynamo Kyiv,Ukraine,,5,3,2,1,,5,4,1,1,,,,,,,,,,,,4,5,,1,,6,3,1,2,,6,,,,,6,1,4,3,,4,3,2,1,,,,,,,3,,,,,,,,,,,,,,,,,,
Karpaty Lviv,Ukraine,,,,,,,,,,,,,,,,,,,,,,,,,,,,,,,,,,,,,,,,,,7,,1,4,,,,,,,,,,,,,,,,,,,,,,,,,
Metalist Kharkiv,Ukraine,,,,,,,,,,,,,,,,,,,,,,7,,,4,,,,,,,6,4,1,1,,4,4,2,1,,6,3,2,2,,,,,,,5,3,1,,,,,,,,,,,,,,,,
Shakhtar Donetsk,Ukraine,,6,,,,,,,,,,6,6,,1,,3,,,,,,,,,,6,,,,,,,,,,,,,,,,,,,,6,4,1,1,,1,,,,,,,,,,5,,,,,6,3,,
Vorskla Poltava,Ukraine,,7,1,,3,,,,,,,,,,,,,,,,,,,,,,,,,,,,,,,,7,,2,4,,,,,,,,,,,,,,,,,,,,,,,,,,,,,,
Zorya Luhansk,Ukraine,3P,,,,,,7,2,,3,,7,,2,4,,,,,,,,,,,,,,,,,,,,,,,,,,,,,,,,,,,,,,,,,,,,,,,,,,,,,,,
Mariupol,Ukraine,23,,,,,,,,,,,,,,,,,,,,,,,,,,,,,,,,,,,,,,,,,,,,,,,,,,,,,,,,,,,,,,,,,,,,,
The New Saints,Wales,23,,,,,,,,,,,,,,,,,,,,,,,,,,,,,,,,,,,,,,,,,,,,,,,,,,,,,,,,,,,,,,,,,,,,,
Bala Town,Wales,P,,,,,,,,,,,,,,,,,,,,,,,,,,,,,,,,,,,,,,,,,,,,,,,,,,,,,,,,,,,,,,,,,,,,,
Cefn Druids,Wales,P,,,,,,,,,,,,,,,,,,,,,,,,,,,,,,,,,,,,,,,,,,,,,,,,,,,,,,,,,,,,,,,,,,,,,
Connah's Quay Nomads,Wales,1,,,,,,,,,,,,,,,,,,,,,,,,,,,,,,,,,,,,,,,,,,,,,,,,,,,,,,,,,,,,,,,,,,,,,
